product_id,archetype,unit_price,annual_qty,annual_value,criticality,substitutability,avg_lead_time,lead_time_std,nb_suppliers,demand_variability,stockout_history,abc_class
SKU-1047,expensive_strategic,49971.42,471,23536538.82,4.0,1,42.2,5.5,3,0.108,1.0,A
SKU-1638,expensive_strategic,49216.66,476,23427130.16,5.0,1,35.3,7.1,3,0.114,2.0,A
SKU-3172,expensive_strategic,47616.61,491,23379755.51,4.0,1,36.2,7.9,2,0.195,2.0,A
SKU-0562,expensive_strategic,47459.89,491,23302805.99,4.0,1,30.5,6.6,3,0.167,2.0,A
SKU-0058,expensive_strategic,46238.92,499,23073221.08,4.0,1,23.6,3.6,3,0.13,0.0,A
SKU-3227,expensive_strategic,43552.63,496,21602104.48,4.0,1,15.3,9.8,3,0.061,2.0,A
SKU-3050,expensive_strategic,48767.49,439,21408928.11,4.0,2,30.5,9.8,2,0.073,2.0,A
SKU-2290,expensive_strategic,49896.57,428,21355731.96,5.0,1,30.5,9.2,3,0.118,2.0,A
SKU-2324,expensive_strategic,47321.95,451,21342199.45,5.0,2,16.9,9.1,3,0.131,0.0,A
SKU-1738,expensive_strategic,48106.06,442,21262878.52,4.0,1,20.1,9.9,3,0.059,0.0,A
SKU-0745,expensive_strategic,45854.27,463,21230527.01,4.0,2,24.3,3.8,2,0.05,0.0,A
SKU-1556,expensive_strategic,45889.5,459,21063280.5,5.0,1,40.5,3.1,2,0.121,1.0,A
SKU-2207,expensive_strategic,42110.68,497,20929007.96,5.0,2,44.2,8.3,3,0.197,2.0,A
SKU-1809,expensive_strategic,44701.39,463,20696743.57,5.0,2,30.5,4.3,3,0.063,1.0,A
SKU-3054,expensive_strategic,46756.02,442,20666160.84,4.0,2,30.3,4.9,2,0.149,1.0,A
SKU-3347,expensive_strategic,48999.33,420,20579718.6,5.0,2,28.9,8.1,2,0.099,2.0,A
SKU-1359,expensive_strategic,41302.16,496,20485871.36,5.0,2,35.0,7.9,3,0.197,2.0,A
SKU-3246,expensive_strategic,45720.17,448,20482636.16,5.0,1,35.3,6.9,2,0.138,1.0,A
SKU-1731,expensive_strategic,47248.69,433,20458682.77,4.0,1,38.3,6.0,2,0.151,1.0,A
SKU-2286,expensive_strategic,41154.06,497,20453567.82,4.0,2,37.5,9.4,3,0.087,2.0,A
SKU-3160,expensive_strategic,41151.99,495,20370235.05,5.0,1,36.1,3.2,2,0.17,0.0,A
SKU-3349,expensive_strategic,48915.11,416,20348685.76,5.0,1,20.8,7.9,2,0.128,1.0,A
SKU-2982,expensive_strategic,45562.49,446,20320870.54,4.0,1,34.8,9.8,3,0.07,1.0,A
SKU-1232,expensive_strategic,46120.83,439,20247044.37,4.0,2,25.7,7.0,3,0.193,2.0,A
SKU-0927,expensive_strategic,46321.62,435,20149904.7,4.0,2,15.6,6.4,2,0.15,1.0,A
SKU-1752,expensive_strategic,41544.58,483,20066032.14,4.0,1,17.1,5.9,3,0.134,2.0,A
SKU-3230,expensive_strategic,45166.27,441,19918325.07,4.0,1,35.5,5.6,3,0.085,2.0,A
SKU-2768,expensive_strategic,40187.04,488,19611275.52,4.0,2,35.0,3.4,3,0.123,0.0,A
SKU-1703,expensive_strategic,48188.84,396,19082780.64,4.0,1,41.4,7.1,2,0.108,1.0,A
SKU-0598,expensive_strategic,39744.03,480,19077134.4,4.0,1,22.7,7.6,2,0.079,1.0,A
SKU-1614,expensive_strategic,49052.38,386,18934218.68,5.0,2,31.9,6.0,2,0.085,0.0,A
SKU-3061,expensive_strategic,42617.55,440,18751722.0,4.0,2,39.6,7.6,2,0.118,0.0,A
SKU-0503,expensive_strategic,47108.72,396,18655053.12,4.0,2,29.5,6.6,2,0.166,1.0,A
SKU-0703,expensive_strategic,47792.36,387,18495643.32,5.0,1,24.2,8.5,2,0.088,2.0,A
SKU-3073,expensive_strategic,37611.58,481,18091169.98,4.0,1,32.0,8.6,2,0.07,0.0,A
SKU-1625,expensive_strategic,41770.73,433,18086726.09,5.0,2,39.0,4.9,3,0.062,2.0,A
SKU-0622,expensive_strategic,46149.88,390,17998453.2,4.0,1,20.6,7.4,3,0.171,1.0,A
SKU-1969,expensive_strategic,49634.35,354,17570559.9,4.0,1,24.7,6.7,2,0.107,0.0,A
SKU-1043,expensive_strategic,48783.98,360,17562232.8,5.0,1,32.0,3.3,3,0.073,2.0,A
SKU-3079,expensive_strategic,49462.51,352,17410803.52,4.0,1,15.1,6.3,3,0.097,2.0,A
SKU-2881,expensive_strategic,40081.15,431,17274975.65,5.0,1,30.5,6.6,3,0.153,2.0,A
SKU-2218,expensive_strategic,35177.26,490,17236857.4,4.0,2,44.2,6.3,2,0.165,0.0,A
SKU-3145,expensive_strategic,40906.91,420,17180902.2,4.0,2,35.3,7.0,3,0.181,2.0,A
SKU-1528,expensive_strategic,38578.57,443,17090306.51,4.0,2,29.7,8.2,3,0.199,0.0,A
SKU-1222,expensive_strategic,40864.44,411,16795284.84,5.0,1,36.0,4.8,2,0.108,0.0,A
SKU-0784,expensive_strategic,41367.07,404,16712296.28,5.0,1,26.8,7.8,2,0.097,1.0,A
SKU-2941,expensive_strategic,40838.0,407,16621066.0,4.0,1,34.4,3.5,2,0.069,0.0,A
SKU-2144,expensive_strategic,34479.9,481,16584831.9,4.0,2,38.5,3.8,3,0.11,0.0,A
SKU-3203,expensive_strategic,48165.74,344,16569014.56,4.0,1,26.9,3.2,3,0.069,0.0,A
SKU-0601,expensive_strategic,45565.11,362,16494569.82,4.0,2,40.1,7.6,3,0.155,0.0,A
SKU-1766,expensive_strategic,41814.94,393,16433271.42,4.0,2,33.2,3.6,3,0.128,2.0,A
SKU-1754,expensive_strategic,35176.1,467,16427238.7,5.0,1,24.6,4.2,3,0.055,1.0,A
SKU-1885,expensive_strategic,38528.27,425,16374514.75,4.0,2,44.4,5.2,3,0.128,2.0,A
SKU-2093,expensive_strategic,44666.24,366,16347843.84,5.0,2,39.2,7.5,3,0.162,0.0,A
SKU-3194,expensive_strategic,40712.99,401,16325908.99,5.0,2,28.2,6.6,2,0.176,1.0,A
SKU-2920,expensive_strategic,43223.52,377,16295267.04,5.0,1,32.4,5.4,3,0.055,1.0,A
SKU-1220,expensive_strategic,45254.25,360,16291530.0,4.0,1,30.3,4.7,3,0.057,2.0,A
SKU-0731,expensive_strategic,43890.38,368,16151659.84,4.0,2,20.3,6.0,2,0.115,1.0,A
SKU-1676,expensive_strategic,42576.35,379,16136436.65,4.0,1,27.5,4.3,3,0.073,0.0,A
SKU-1097,expensive_strategic,36726.55,438,16086228.9,4.0,1,22.8,7.5,2,0.103,1.0,A
SKU-3305,expensive_strategic,40909.56,393,16077457.08,5.0,2,16.7,7.9,3,0.111,1.0,A
SKU-0015,expensive_strategic,46954.52,342,16058445.84,5.0,1,19.2,7.0,3,0.075,2.0,A
SKU-1602,expensive_strategic,40234.31,399,16053489.69,4.0,1,23.7,7.5,2,0.067,2.0,A
SKU-2481,expensive_strategic,40883.9,388,15862953.2,5.0,2,35.5,3.7,3,0.075,1.0,A
SKU-0142,expensive_strategic,49663.16,318,15792884.88,5.0,2,43.8,8.1,3,0.11,2.0,A
SKU-0343,expensive_strategic,33493.04,471,15775221.84,4.0,1,24.5,8.5,2,0.106,1.0,A
SKU-0380,expensive_strategic,33003.63,477,15742731.51,4.0,1,28.6,8.3,3,0.128,1.0,A
SKU-2300,expensive_strategic,33032.17,475,15690280.75,5.0,1,30.0,9.2,2,0.06,1.0,A
SKU-1322,expensive_strategic,48653.45,322,15666410.9,4.0,1,21.4,5.6,3,0.17,1.0,A
SKU-0418,expensive_strategic,44727.04,348,15565009.92,5.0,2,19.7,9.8,2,0.185,1.0,A
SKU-2891,expensive_strategic,49377.96,314,15504679.44,4.0,2,18.5,6.2,2,0.087,2.0,A
SKU-3334,expensive_strategic,37530.5,412,15462566.0,4.0,1,16.7,3.2,3,0.176,0.0,A
SKU-2505,expensive_strategic,34163.65,451,15407806.15,4.0,1,43.4,4.4,3,0.167,2.0,A
SKU-1157,expensive_strategic,42565.93,361,15366300.73,5.0,2,25.5,7.1,2,0.081,2.0,A
SKU-1022,expensive_strategic,42038.94,364,15302174.16,5.0,1,42.6,3.4,3,0.118,2.0,A
SKU-0167,expensive_strategic,45916.37,333,15290151.21,4.0,1,24.7,8.4,3,0.077,1.0,A
SKU-0742,expensive_strategic,31249.98,483,15093740.34,5.0,1,40.0,9.0,2,0.086,2.0,A
SKU-0828,expensive_strategic,39187.46,385,15087172.1,5.0,2,31.6,3.1,3,0.155,2.0,A
SKU-1872,expensive_strategic,35611.95,423,15063854.85,5.0,2,26.4,4.0,3,0.085,1.0,A
SKU-2103,expensive_strategic,44219.39,337,14901934.43,4.0,2,15.7,4.0,2,0.156,0.0,A
SKU-1981,expensive_strategic,30827.54,482,14858874.28,5.0,1,40.9,5.1,3,0.072,0.0,A
SKU-2310,expensive_strategic,36136.91,411,14852270.01,4.0,2,22.7,4.9,2,0.175,1.0,A
SKU-1937,expensive_strategic,30109.65,493,14844057.45,5.0,1,34.4,9.8,3,0.183,0.0,A
SKU-1813,expensive_strategic,35978.42,412,14823109.04,4.0,5,41.6,5.6,3,0.165,0.0,A
SKU-0235,expensive_strategic,39848.88,371,14783934.48,5.0,1,34.7,6.1,2,0.171,1.0,A
SKU-3351,expensive_strategic,32560.32,454,14782385.28,5.0,5,44.8,7.8,3,0.064,2.0,A
SKU-0354,expensive_strategic,33204.67,445,14776078.15,5.0,2,41.2,4.7,3,0.102,0.0,A
SKU-1362,expensive_strategic,45076.72,326,14695010.72,4.0,2,34.4,5.8,1,0.187,2.0,A
SKU-1119,expensive_strategic,42897.47,340,14585139.8,4.0,1,28.0,8.6,2,0.184,1.0,A
SKU-3348,expensive_strategic,34493.32,422,14556181.04,4.0,2,26.2,4.1,2,0.125,2.0,A
SKU-2613,expensive_strategic,45853.99,314,14398152.86,5.0,2,38.7,3.7,2,0.134,1.0,A
SKU-2708,expensive_strategic,30937.45,462,14293101.9,5.0,1,29.9,5.1,3,0.105,1.0,A
SKU-2152,expensive_strategic,30861.64,463,14288939.32,4.0,1,29.5,5.8,2,0.142,0.0,A
SKU-1491,expensive_strategic,31481.88,451,14198327.88,4.0,2,30.5,7.3,3,0.085,0.0,A
SKU-3399,expensive_strategic,44049.73,322,14184013.06,5.0,1,30.5,3.6,2,0.174,2.0,A
SKU-0125,expensive_strategic,32806.92,432,14172589.44,4.0,2,17.6,8.7,1,0.135,0.0,A
SKU-2915,expensive_strategic,32480.71,436,14161589.56,4.0,2,29.1,4.0,2,0.12,1.0,A
SKU-1033,expensive_strategic,40123.43,352,14123447.36,5.0,2,18.8,7.0,3,0.118,0.0,A
SKU-1011,expensive_strategic,44988.92,313,14081531.96,4.0,1,37.3,9.9,2,0.08,2.0,A
SKU-2961,expensive_strategic,33904.97,414,14036657.58,5.0,2,30.5,7.5,2,0.13,0.0,A
SKU-2450,expensive_strategic,43882.39,318,13954600.02,5.0,2,18.8,3.4,3,0.12,2.0,A
SKU-0045,expensive_strategic,30558.84,456,13934831.04,5.0,1,22.4,6.0,3,0.089,2.0,A
SKU-0506,expensive_strategic,48561.0,286,13888446.0,5.0,1,30.5,8.2,3,0.186,2.0,A
SKU-2106,expensive_strategic,45341.84,306,13874603.04,4.0,2,24.6,8.5,3,0.127,1.0,A
SKU-1603,expensive_strategic,32122.84,429,13780698.36,5.0,2,43.1,3.3,2,0.103,0.0,A
SKU-2376,expensive_strategic,30364.64,453,13755181.92,4.0,1,41.1,5.7,2,0.187,2.0,A
SKU-3191,expensive_strategic,41422.4,332,13752236.8,4.0,1,20.2,7.3,3,0.079,0.0,A
SKU-0694,expensive_strategic,45183.41,301,13600206.41,5.0,1,43.5,8.1,3,0.084,1.0,A
SKU-0880,expensive_strategic,42961.41,315,13532844.15,5.0,2,39.3,7.9,3,0.186,2.0,A
SKU-1791,expensive_strategic,44921.39,301,13521338.39,4.0,1,17.5,8.9,3,0.09,2.0,A
SKU-0538,expensive_strategic,46844.17,288,13491120.96,4.0,2,28.9,9.2,3,0.087,0.0,A
SKU-2936,expensive_strategic,27702.033854166668,394,10914601.34,4.0,2,42.0,4.7,2,0.093,1.0,A
SKU-1341,expensive_strategic,37160.94,362,13452260.28,4.0,2,15.4,8.2,2,0.125,1.0,A
SKU-2862,expensive_strategic,46846.88,286,13398207.68,4.0,1,25.2,7.5,2,0.083,2.0,A
SKU-1193,expensive_strategic,37986.09,352,13371103.68,5.0,1,31.4,4.0,3,0.114,0.0,A
SKU-0387,expensive_strategic,31455.6,425,13368630.0,4.0,2,32.2,4.7,2,0.141,1.0,A
SKU-2113,expensive_strategic,41410.73,322,13334255.06,5.0,2,42.9,3.1,2,0.051,2.0,A
SKU-1519,expensive_strategic,45357.31,292,13244334.52,4.0,1,20.7,8.3,3,0.055,1.0,A
SKU-0159,expensive_strategic,46973.88,281,13199660.28,4.0,1,31.7,7.9,2,0.135,1.0,A
SKU-0181,expensive_strategic,28424.47,464,13188954.08,4.0,1,30.2,6.6,3,0.059,2.0,A
SKU-0909,expensive_strategic,28824.61,455,13115197.55,5.0,2,29.7,9.8,3,0.151,0.0,A
SKU-1776,expensive_strategic,27454.15,477,13095629.55,5.0,1,29.0,7.5,3,0.073,1.0,A
SKU-1321,expensive_strategic,35331.03,370,13072481.1,4.0,1,18.4,3.2,2,0.143,2.0,A
SKU-0112,expensive_strategic,48494.64,269,13045058.16,4.0,2,37.7,6.2,2,0.106,0.0,A
SKU-0132,expensive_strategic,31910.41,405,12923716.05,4.0,2,30.4,6.4,3,0.091,1.0,A
SKU-2834,expensive_strategic,30192.66,428,12922458.48,4.0,1,24.4,9.0,2,0.176,1.0,A
SKU-3115,expensive_strategic,26126.08,491,12827905.28,4.0,1,19.9,5.8,2,0.114,2.0,A
SKU-2377,expensive_strategic,40690.15,314,12776707.1,5.0,2,31.1,7.4,2,0.193,2.0,A
SKU-1411,expensive_strategic,44783.15,283,12673631.45,5.0,2,29.8,8.6,2,0.182,2.0,A
SKU-2634,expensive_strategic,28211.09,449,12666779.41,4.0,2,23.7,9.8,2,0.061,1.0,A
SKU-3350,expensive_strategic,38980.71,324,12629750.04,5.0,2,33.8,7.8,2,0.109,1.0,A
SKU-2434,expensive_strategic,46334.41,270,12510290.7,5.0,2,39.0,8.4,3,0.17,1.0,A
SKU-0411,expensive_strategic,39777.8,314,12490229.2,5.0,2,30.6,7.0,3,0.073,1.0,A
SKU-3213,expensive_strategic,25857.27,481,12437346.87,4.0,1,41.7,9.9,2,0.145,2.0,A
SKU-0930,expensive_strategic,47522.63,261,12403406.43,4.0,2,42.9,4.9,2,0.088,2.0,A
SKU-1898,expensive_strategic,32506.22,380,12352363.6,5.0,1,32.2,9.8,3,0.182,0.0,A
SKU-0890,expensive_strategic,33519.54,368,12335190.72,4.0,2,30.5,6.2,3,0.129,2.0,A
SKU-0050,expensive_strategic,42063.06,292,12282413.52,4.0,1,23.3,4.4,3,0.068,1.0,A
SKU-3304,expensive_strategic,48292.63,254,12266328.02,4.0,1,43.6,5.4,2,0.193,1.0,A
SKU-2227,expensive_strategic,25106.46,485,12176633.1,5.0,1,35.1,6.2,2,0.153,1.0,A
SKU-2848,expensive_strategic,46395.6,262,12155647.2,5.0,1,19.4,5.5,2,0.059,1.0,A
SKU-0395,expensive_strategic,29517.11,411,12131532.21,4.0,2,29.8,6.2,3,0.09,1.0,A
SKU-0827,expensive_strategic,24332.12,498,12117395.76,4.0,2,34.4,7.8,3,0.1,2.0,A
SKU-1327,expensive_strategic,27702.033854166668,245,6786998.29,4.0,2,37.9,5.0,3,0.107,0.0,A
SKU-0843,expensive_strategic,38648.45,312,12058316.4,5.0,1,19.1,5.8,2,0.17,2.0,A
SKU-0488,expensive_strategic,31608.55,380,12011249.0,4.0,1,39.8,6.0,2,0.136,1.0,A
SKU-3083,expensive_strategic,24557.45,488,11984035.6,5.0,2,22.3,3.7,2,0.085,1.0,A
SKU-2943,expensive_strategic,39000.68,306,11934208.08,5.0,1,33.6,5.9,3,0.127,1.0,A
SKU-2069,expensive_strategic,30497.08,389,11863364.12,5.0,1,31.4,7.4,3,0.129,1.0,A
SKU-2911,expensive_strategic,35858.47,330,11833295.1,5.0,1,21.1,7.9,3,0.099,2.0,A
SKU-0103,expensive_strategic,35262.83,335,11813048.05,5.0,1,35.8,5.6,3,0.069,2.0,A
SKU-0761,expensive_strategic,45929.99,254,11666217.46,4.0,1,27.2,7.0,3,0.099,0.0,A
SKU-1653,expensive_strategic,25645.54,447,11463556.38,4.0,1,41.8,6.5,2,0.075,2.0,A
SKU-2053,expensive_strategic,38618.88,294,11353950.72,4.0,2,33.9,4.0,2,0.177,2.0,A
SKU-3012,expensive_strategic,45156.25,251,11334218.75,5.0,1,38.1,8.6,3,0.188,0.0,A
SKU-2681,expensive_strategic,22742.2,496,11280131.2,4.0,2,37.6,7.1,3,0.131,2.0,A
SKU-1130,expensive_strategic,39144.81,286,11195415.66,5.0,2,25.7,5.1,3,0.186,2.0,A
SKU-2446,expensive_strategic,34733.77,320,11114806.4,5.0,2,35.5,6.3,3,0.15,1.0,A
SKU-3362,expensive_strategic,37131.18,298,11065091.64,4.0,2,43.4,3.1,3,0.095,2.0,A
SKU-3095,expensive_strategic,32614.74,337,10991167.38,4.0,1,27.9,8.0,3,0.173,1.0,A
SKU-0176,expensive_strategic,28000.11,392,10976043.12,4.0,1,38.8,9.9,2,0.156,1.0,A
SKU-1324,expensive_strategic,24655.0,445,10971475.0,4.0,2,30.5,4.2,2,0.142,1.0,A
SKU-1711,expensive_strategic,41468.09,264,10947575.76,5.0,1,36.3,6.6,2,0.164,2.0,A
SKU-1170,expensive_strategic,26346.77,414,10907562.78,4.0,2,25.4,7.2,2,0.158,0.0,A
SKU-2523,expensive_strategic,42491.54,256,10877834.24,4.0,2,20.5,7.1,3,0.196,0.0,A
SKU-2878,expensive_strategic,49291.76,220,10844187.2,4.0,1,27.9,4.5,2,0.1,2.0,A
SKU-0014,expensive_strategic,45044.77,238,10720655.26,5.0,1,37.1,6.6,3,0.147,2.0,A
SKU-1564,expensive_strategic,31253.69,339,10595000.91,4.0,1,33.0,4.1,3,0.061,2.0,A
SKU-1575,expensive_strategic,23710.79,446,10575012.34,5.0,1,16.1,8.8,3,0.054,2.0,A
SKU-2909,expensive_strategic,39912.32,262,10457027.84,4.0,5,28.4,8.3,2,0.087,1.0,A
SKU-1369,expensive_strategic,35009.0,295,10327655.0,5.0,5,16.8,7.1,3,0.149,2.0,A
SKU-0134,expensive_strategic,30104.32,342,10295677.44,4.0,1,30.5,8.4,3,0.078,0.0,A
SKU-2898,expensive_strategic,37185.93,276,10263316.68,4.0,2,32.4,7.1,3,0.134,2.0,A
SKU-0330,expensive_strategic,32955.19,310,10216108.9,5.0,1,21.4,4.0,2,0.196,2.0,A
SKU-2151,expensive_strategic,20958.22,485,10164736.7,5.0,1,36.8,8.1,3,0.105,0.0,A
SKU-3217,expensive_strategic,20912.81,482,10079974.42,4.0,1,42.6,3.3,2,0.098,0.0,A
SKU-0912,expensive_strategic,32113.67,313,10051578.71,4.0,1,20.6,5.4,2,0.168,1.0,A
SKU-0941,expensive_strategic,20156.86,497,10017959.42,4.0,5,20.6,3.9,3,0.09,2.0,A
SKU-1601,expensive_strategic,30321.59,329,9975803.11,5.0,1,28.0,5.8,2,0.16,1.0,A
SKU-1228,expensive_strategic,32617.05,303,9882966.15,5.0,1,40.1,3.9,3,0.173,2.0,A
SKU-0715,expensive_strategic,20383.95,483,9845447.85,4.0,1,25.8,3.9,3,0.114,2.0,A
SKU-0666,expensive_strategic,26735.53,368,9838675.04,4.0,2,29.7,4.8,3,0.111,0.0,A
SKU-3290,expensive_strategic,30307.91,324,9819762.84,4.0,2,21.6,8.2,2,0.094,0.0,A
SKU-1381,expensive_strategic,23496.84,417,9798182.28,5.0,2,22.3,9.0,3,0.109,0.0,A
SKU-1846,expensive_strategic,23078.53,423,9762218.19,4.0,1,41.4,6.8,2,0.058,2.0,A
SKU-0492,standard,1989.67,4892,9733465.64,3.0,3,24.2,7.0,2,0.172,1.0,A
SKU-2997,expensive_strategic,27702.033854166668,472,13075359.98,5.0,1,44.9,8.1,2,0.176,2.0,A
SKU-0118,expensive_strategic,22628.41,427,9662331.07,4.0,1,33.6,7.9,3,0.133,1.0,A
SKU-3441,expensive_strategic,28238.44,339,9572831.16,4.0,2,18.5,7.2,3,0.189,0.0,A
SKU-0763,expensive_strategic,31767.47,301,9562008.47,5.0,2,39.1,5.6,3,0.067,2.0,A
SKU-2589,expensive_strategic,36303.25,263,9547754.75,5.0,2,39.4,8.4,3,0.158,1.0,A
SKU-2811,expensive_strategic,24893.47,382,9509305.54,4.0,2,17.6,5.9,2,0.103,1.0,A
SKU-1868,expensive_strategic,45825.83,207,9485946.81,5.0,2,34.5,6.7,3,0.099,1.0,A
SKU-0720,standard,1963.96,4815,9456467.4,3.0,2,9.0,2.1,3,0.325,0.0,A
SKU-1952,expensive_strategic,41266.82,229,9450101.78,4.0,2,31.0,9.6,3,0.156,0.0,A
SKU-3364,expensive_strategic,20362.54,464,9448218.56,5.0,1,33.6,4.7,2,0.171,0.0,A
SKU-0087,standard,1893.46,4951,9374520.46,3.0,3,7.0,3.3,3,0.292,0.0,A
SKU-0965,expensive_strategic,29862.66,313,9347012.58,4.0,2,17.5,8.7,3,0.162,0.0,A
SKU-1148,standard,1941.7,4778,9277442.6,2.0,2,25.2,4.2,3,0.324,1.0,A
SKU-0270,expensive_strategic,49267.02,188,9262199.76,4.0,2,18.7,9.7,3,0.078,0.0,A
SKU-1079,expensive_strategic,26162.98,354,9261694.92,5.0,1,35.4,9.6,2,0.098,0.0,A
SKU-1270,expensive_strategic,32709.93,283,9256910.19,4.0,1,41.2,10.0,3,0.086,1.0,A
SKU-1070,expensive_strategic,19478.17,474,9232652.58,4.0,2,21.7,9.1,3,0.167,2.0,A
SKU-2017,expensive_strategic,25072.58,367,9201636.86,4.0,2,30.5,5.7,2,0.145,2.0,A
SKU-1693,standard,1977.36,4632,9159131.52,3.0,2,11.4,3.1,2,0.346,1.0,A
SKU-2904,standard,1995.17,4568,9113936.56,3.0,3,16.6,3.0,3,0.205,0.0,A
SKU-0023,expensive_strategic,39625.2,230,9113796.0,5.0,2,29.3,7.7,3,0.081,2.0,A
SKU-0318,expensive_strategic,37189.5,245,9111427.5,5.0,2,25.3,7.7,3,0.056,0.0,A
SKU-1261,expensive_strategic,47935.88,189,9059881.32,4.0,2,18.6,6.7,3,0.169,1.0,A
SKU-2470,standard,1873.77,4814,9020328.78,3.0,2,28.0,5.6,3,0.19,0.0,A
SKU-0003,standard,1882.13,4789,9013520.57,2.0,3,8.6,2.3,3,0.219,1.0,A
SKU-2814,expensive_strategic,25493.13,353,8999074.89,4.0,1,42.3,5.9,3,0.2,2.0,A
SKU-1949,expensive_strategic,32355.9,278,8994940.2,4.0,2,27.1,9.8,2,0.165,0.0,A
SKU-2524,standard,1843.53,4877,8990895.81,2.0,3,16.2,4.9,2,0.118,0.0,A
SKU-2329,standard,1989.91,4514,8982453.74,2.0,3,20.2,2.2,2,0.285,0.0,A
SKU-0644,expensive_strategic,34806.73,258,8980136.34,5.0,1,39.5,9.2,3,0.087,0.0,A
SKU-0369,expensive_strategic,44572.69,201,8959110.69,5.0,2,24.0,4.9,3,0.152,0.0,A
SKU-1636,expensive_strategic,18358.34,488,8958869.92,5.0,1,34.9,8.2,2,0.086,2.0,A
SKU-2586,standard,1837.57,4852,8915889.64,2.0,2,17.2,4.0,3,0.134,0.0,A
SKU-1973,expensive_strategic,37970.24,234,8885036.16,5.0,2,37.3,3.7,3,0.095,0.0,A
SKU-0670,expensive_strategic,24631.0,360,8867160.0,5.0,2,17.4,9.6,3,0.145,1.0,A
SKU-2764,standard,1997.44,4425,8838672.0,2.0,3,25.3,3.1,3,0.178,1.0,A
SKU-0254,expensive_strategic,27702.033854166668,191,5291088.47,4.0,2,18.6,9.8,3,0.163,1.0,A
SKU-0766,standard,1775.52,4942,8774619.84,2.0,3,18.2,2.9,2,0.169,1.0,A
SKU-1069,standard,1813.49,4838,8773664.62,2.0,3,29.8,3.8,2,0.269,0.0,A
SKU-1100,standard,1842.26,4754,8758104.04,2.0,2,22.4,4.8,2,0.102,0.0,A
SKU-2732,standard,1917.2,4561,8744349.2,3.0,2,15.2,3.3,3,0.309,0.0,A
SKU-2070,expensive_strategic,32819.02,266,8729859.32,5.0,2,40.0,8.3,2,0.07,2.0,A
SKU-3437,expensive_strategic,22555.13,387,8728835.31,5.0,2,23.4,9.3,3,0.16,0.0,A
SKU-1223,standard,1904.91,4578,8720677.98,2.0,3,25.1,3.1,3,0.132,1.0,A
SKU-0565,standard,1900.11,4569,8681602.59,2.0,3,18.9,5.6,3,0.236,0.0,A
SKU-0602,expensive_strategic,41805.69,207,8653777.83,4.0,2,15.6,7.1,2,0.125,1.0,A
SKU-3481,expensive_strategic,49153.1,176,8650945.6,5.0,2,31.2,5.6,3,0.118,1.0,A
SKU-3390,standard,1854.39,4651,8624767.89,3.0,3,13.5,2.8,2,0.143,1.0,A
SKU-2133,standard,1980.47,4334,8583356.98,2.0,3,23.1,6.7,2,0.259,0.0,A
SKU-3378,expensive_strategic,23837.67,360,8581561.2,4.0,1,27.8,5.2,2,0.052,0.0,A
SKU-0366,standard,1935.09,4428,8568578.52,3.0,2,13.7,3.9,2,0.268,0.0,A
SKU-1182,expensive_strategic,19118.09,448,8564904.32,4.0,1,38.0,3.5,3,0.175,1.0,A
SKU-2039,expensive_strategic,28546.61,299,8535436.39,4.0,2,36.5,9.5,2,0.065,2.0,A
SKU-2566,expensive_strategic,25362.83,335,8496548.05,5.0,2,28.0,6.4,3,0.056,0.0,A
SKU-3336,standard,1848.95,4592,8490378.4,3.0,2,24.3,2.5,2,0.154,1.0,A
SKU-2800,expensive_strategic,17784.05,477,8482991.85,5.0,1,19.7,9.3,3,0.107,2.0,A
SKU-0903,expensive_strategic,21813.56,387,8441847.72,4.0,1,23.7,7.3,2,0.163,1.0,A
SKU-1569,standard,1846.06,4568,8432802.08,3.0,2,11.7,5.1,3,0.163,1.0,A
SKU-1805,expensive_strategic,30479.22,275,8381785.5,5.0,1,32.2,4.2,1,0.122,0.0,A
SKU-2921,expensive_strategic,41288.34,202,8340244.68,4.0,2,34.5,4.6,3,0.064,2.0,A
SKU-2020,standard,1976.66,4210,8321738.6,3.0,2,20.6,4.2,2,0.171,0.0,A
SKU-2139,expensive_strategic,43780.32,190,8318260.8,5.0,1,30.9,6.6,3,0.152,1.0,A
SKU-0496,standard,1753.05,4741,8311210.05,3.0,3,20.9,5.8,3,0.284,0.0,A
SKU-0682,expensive_strategic,35927.74,230,8263380.2,4.0,2,18.1,5.8,3,0.163,0.0,A
SKU-2981,standard,1709.85,4828,8255155.8,2.0,2,20.9,4.0,3,0.32,0.0,A
SKU-1176,standard,1899.84,4345,8254804.8,2.0,3,23.3,4.5,2,0.219,0.0,A
SKU-1225,standard,1864.73,4413,8229053.49,3.0,2,28.1,1.8,3,0.305,0.0,A
SKU-2043,standard,1682.04,4884,8215083.36,2.0,2,26.2,1.6,3,0.279,0.0,A
SKU-2494,standard,1741.31,4710,8201570.1,2.0,3,15.9,1.9,3,0.137,0.0,A
SKU-1552,standard,1798.2,4554,8189002.8,3.0,2,27.2,6.6,2,0.127,1.0,A
SKU-0320,expensive_strategic,41956.67,195,8181550.65,5.0,1,19.1,9.6,3,0.086,0.0,A
SKU-1637,standard,1638.05,4990,8173869.5,3.0,2,7.9,4.0,2,0.181,1.0,A
SKU-2445,standard,1965.21,4157,8169377.97,2.0,2,28.7,3.2,2,0.262,0.0,A
SKU-1297,expensive_strategic,29716.31,274,8142268.94,5.0,2,38.2,5.3,2,0.142,2.0,A
SKU-2182,expensive_strategic,36662.85,222,8139152.7,4.0,2,43.1,3.5,2,0.055,2.0,A
SKU-1996,standard,1850.31,4388,8119160.28,2.0,3,7.7,1.3,3,0.226,0.0,A
SKU-1294,standard,1947.72,4166,8114201.52,3.0,2,12.7,3.9,2,0.319,1.0,A
SKU-0945,expensive_strategic,39581.05,205,8114115.25,5.0,2,22.4,3.6,2,0.08,0.0,A
SKU-0986,standard,1796.31,4514,8108543.34,2.0,3,13.2,4.0,2,0.319,0.0,A
SKU-1947,standard,1906.84,4251,8105976.84,3.0,2,14.8,2.8,2,0.324,1.0,A
SKU-2728,expensive_strategic,34339.78,236,8104188.08,4.0,1,26.9,6.0,2,0.114,0.0,A
SKU-2857,expensive_strategic,17711.12,456,8076270.72,5.0,2,36.8,10.0,3,0.114,1.0,A
SKU-1434,standard,1886.44,4273,8060758.12,3.0,3,15.4,1.3,2,0.254,0.0,A
SKU-1808,expensive_strategic,42640.07,189,8058973.23,4.0,2,17.3,7.6,3,0.126,1.0,A
SKU-1909,expensive_strategic,26541.58,303,8042098.74,4.0,2,44.3,4.1,2,0.183,0.0,A
SKU-2031,expensive_strategic,28590.65,280,8005382.0,4.0,2,19.9,4.4,3,0.062,0.0,A
SKU-3201,standard,1819.39,4397,7999857.83,3.0,2,27.0,1.2,2,0.217,1.0,A
SKU-1623,standard,1788.02,4471,7994237.42,3.0,3,12.6,1.6,3,0.11,0.0,A
SKU-0426,standard,1873.48,4260,7981024.8,2.0,5,14.2,1.5,3,0.255,0.0,A
SKU-1485,expensive_strategic,25669.33,310,7957492.3,4.0,1,30.3,9.0,2,0.184,0.0,A
SKU-2666,expensive_strategic,31277.45,254,7944472.3,4.0,2,28.7,4.5,3,0.18,0.0,A
SKU-2392,expensive_strategic,26791.72,296,7930349.12,4.0,1,25.5,7.3,2,0.079,2.0,A
SKU-1597,expensive_strategic,17386.6,456,7928289.6,5.0,1,42.9,4.0,2,0.1,0.0,A
SKU-0480,standard,1797.67,4383,7879187.61,3.0,2,28.5,3.4,2,0.133,0.0,A
SKU-0109,expensive_strategic,34382.73,229,7873645.17,4.0,1,30.5,7.1,3,0.184,2.0,A
SKU-0699,expensive_strategic,19074.23,412,7858582.76,5.0,2,30.9,5.0,2,0.152,2.0,A
SKU-0467,expensive_strategic,27636.97,284,7848899.48,4.0,2,37.2,3.6,3,0.116,0.0,A
SKU-3366,standard,1783.14,4392,7831550.88,2.0,2,7.3,2.8,3,0.199,0.0,A
SKU-1429,standard,1665.3,4699,7825244.7,3.0,3,12.5,3.6,2,0.343,0.0,A
SKU-2389,standard,1715.68,4557,7818353.76,3.0,3,16.1,1.2,3,0.26,0.0,A
SKU-1555,expensive_strategic,16377.52,477,7812077.04,4.0,2,18.8,7.3,2,0.195,1.0,A
SKU-2466,expensive_strategic,29470.56,265,7809698.4,4.0,1,22.0,3.3,2,0.108,2.0,A
SKU-1974,standard,1715.99,4535,7782014.65,3.0,3,19.5,5.0,3,0.251,1.0,A
SKU-0643,expensive_strategic,41263.6,188,7757556.8,5.0,2,33.0,4.2,3,0.052,1.0,A
SKU-2209,expensive_strategic,23463.75,330,7743037.5,4.0,1,19.5,3.3,3,0.182,1.0,A
SKU-0610,standard,1922.31,4025,7737297.75,3.0,2,21.1,4.5,3,0.311,1.0,A
SKU-1977,expensive_strategic,18095.31,426,7708602.06,4.0,5,36.7,7.8,2,0.112,1.0,A
SKU-2750,standard,1970.86,3888,7662703.68,2.0,3,27.9,5.2,3,0.344,0.0,A
SKU-1155,standard,1723.11,4444,7657500.84,3.0,3,24.0,3.6,2,0.308,0.0,A
SKU-2016,standard,1914.08,4000,7656320.0,3.0,2,22.8,1.2,2,0.187,1.0,A
SKU-1826,standard,1969.01,3880,7639758.8,2.0,3,16.1,1.7,2,0.252,1.0,A
SKU-0631,standard,1577.97,4837,7632640.89,2.0,3,18.9,4.9,3,0.309,0.0,A
SKU-0185,expensive_strategic,16682.15,457,7623742.55,5.0,1,16.6,4.4,2,0.179,1.0,A
SKU-1905,standard,1779.41,4283,7621213.03,3.0,2,12.7,2.9,3,0.308,0.0,A
SKU-1209,expensive_strategic,44751.57,170,7607766.9,5.0,1,30.1,7.3,2,0.14,1.0,A
SKU-3071,standard,1680.14,4526,7604313.64,3.0,3,18.9,3.4,3,0.35,1.0,A
SKU-2447,expensive_strategic,49003.12,155,7595483.6,4.0,2,33.0,8.8,3,0.133,0.0,A
SKU-1046,standard,1583.8,4795,7594321.0,2.0,2,26.5,3.3,3,0.138,0.0,A
SKU-0173,standard,1896.92,3997,7581989.24,2.0,2,10.0,5.2,2,0.12,1.0,A
SKU-3282,expensive_strategic,15375.51,493,7580126.43,4.0,2,32.1,9.2,2,0.153,2.0,A
SKU-1365,standard,1789.53,4226,7562553.78,2.0,3,28.8,2.3,3,0.204,0.0,A
SKU-1352,standard,1603.04,4717,7561539.68,3.0,3,25.8,2.8,3,0.19,0.0,A
SKU-3176,expensive_strategic,17041.56,443,7549411.08,5.0,1,23.8,6.5,2,0.164,1.0,A
SKU-1112,expensive_strategic,23506.48,321,7545580.08,4.0,2,18.2,6.5,3,0.173,1.0,A
SKU-3419,expensive_strategic,21090.37,357,7529262.09,4.0,1,42.7,3.3,2,0.189,2.0,A
SKU-2179,standard,1697.29,4424,7508810.96,3.0,2,24.6,5.3,3,0.32,1.0,A
SKU-2391,standard,1498.9,4997,7490003.3,2.0,2,29.3,4.1,3,0.133,1.0,A
SKU-1975,expensive_strategic,43190.09,173,7471885.57,4.0,1,40.6,7.4,2,0.107,0.0,A
SKU-2492,expensive_strategic,15215.94,491,7471026.54,4.0,2,19.1,5.2,3,0.169,2.0,A
SKU-3093,standard,1928.88,3866,7457050.08,2.0,2,25.7,5.5,3,0.158,1.0,A
SKU-2404,expensive_strategic,47181.32,158,7454648.56,4.0,1,42.7,6.8,2,0.071,1.0,A
SKU-2788,expensive_strategic,24833.72,300,7450116.0,4.0,2,27.6,7.1,3,0.089,0.0,A
SKU-2865,standard,1986.53,3745,7439554.85,3.0,3,18.9,5.8,2,0.329,0.0,A
SKU-2000,expensive_strategic,40759.8,182,7418283.6,5.0,2,33.4,4.4,3,0.123,0.0,A
SKU-1534,expensive_strategic,15875.21,467,7413723.07,4.0,1,32.7,6.8,3,0.104,0.0,A
SKU-2159,standard,1892.51,3917,7412961.67,2.0,3,18.9,4.9,3,0.152,1.0,A
SKU-2526,expensive_strategic,18832.03,393,7400987.79,4.0,2,41.3,8.9,2,0.107,1.0,A
SKU-0148,standard,1883.46,3929,7400114.34,2.0,2,10.7,3.8,2,0.179,1.0,A
SKU-0816,standard,1892.38,3909,7397313.42,2.0,3,24.4,4.6,2,0.318,0.0,A
SKU-1704,standard,1790.61,4120,7377313.2,3.0,2,28.3,3.7,2,0.279,1.0,A
SKU-0528,expensive_strategic,26181.77,281,7357077.37,5.0,2,40.6,8.6,2,0.086,1.0,A
SKU-2363,expensive_strategic,18026.14,408,7354665.12,4.0,1,33.2,8.0,3,0.157,2.0,A
SKU-2042,standard,1722.15,4267,7348414.05,2.0,2,11.1,4.3,2,0.211,0.0,A
SKU-3163,expensive_strategic,41425.85,177,7332375.45,4.0,5,34.3,7.8,2,0.117,1.0,A
SKU-2583,standard,1676.4,4373,7330897.2,2.0,2,18.9,6.6,2,0.258,0.0,A
SKU-1059,standard,1635.07,4472,7312033.04,2.0,2,18.9,4.9,2,0.181,0.0,A
SKU-3001,standard,1985.29,3675,7295940.75,3.0,2,8.8,1.7,3,0.278,0.0,A
SKU-2938,standard,1565.01,4660,7292946.6,2.0,3,12.2,5.1,2,0.311,1.0,A
SKU-3357,standard,1948.99,3725,7259987.75,3.0,3,19.8,6.6,3,0.168,0.0,A
SKU-2786,expensive_strategic,25456.82,285,7255193.7,4.0,1,19.3,3.3,2,0.141,1.0,A
SKU-2109,expensive_strategic,32814.08,221,7251911.68,4.0,2,36.3,5.6,2,0.053,2.0,A
SKU-2825,expensive_strategic,25265.61,287,7251230.07,4.0,1,40.9,5.6,2,0.085,2.0,A
SKU-2809,standard,1844.66,3928,7245824.48,3.0,3,10.1,5.9,2,0.309,1.0,A
SKU-0881,expensive_strategic,37241.43,194,7224837.42,4.0,1,36.7,4.2,3,0.097,1.0,A
SKU-0106,expensive_strategic,15464.36,465,7190927.4,5.0,2,43.9,3.8,3,0.095,0.0,A
SKU-1006,standard,1684.44,4260,7175714.4,3.0,3,17.9,3.3,2,0.108,0.0,A
SKU-1595,standard,1662.82,4312,7170079.84,3.0,3,26.3,1.9,3,0.229,1.0,A
SKU-2131,expensive_strategic,21567.36,332,7160363.52,4.0,1,26.1,8.0,2,0.175,1.0,A
SKU-1644,standard,1676.09,4272,7160256.48,2.0,2,28.2,2.7,2,0.176,0.0,A
SKU-1337,expensive_strategic,45880.86,156,7157414.16,5.0,1,24.8,6.8,3,0.109,1.0,A
SKU-0327,standard,1929.19,3697,7132215.43,3.0,2,9.4,5.9,1,0.181,0.0,A
SKU-0190,expensive_strategic,35893.13,198,7106839.74,5.0,1,40.8,9.1,2,0.055,1.0,A
SKU-1309,expensive_strategic,32631.4,217,7081013.8,5.0,1,28.4,4.9,3,0.105,2.0,A
SKU-1793,standard,1690.53,4183,7071486.99,2.0,2,18.9,5.3,2,0.154,0.0,A
SKU-3171,standard,1917.55,3687,7070006.85,3.0,3,25.5,3.1,2,0.338,0.0,A
SKU-1375,expensive_strategic,22352.93,316,7063525.88,4.0,1,41.9,9.1,3,0.073,2.0,A
SKU-2597,expensive_strategic,20772.96,340,7062806.4,5.0,1,42.2,8.3,2,0.115,2.0,A
SKU-1094,standard,1529.03,4607,7044241.21,2.0,3,20.3,6.3,2,0.144,0.0,A
SKU-2181,expensive_strategic,30826.01,228,7028330.28,4.0,2,44.0,7.2,3,0.06,0.0,A
SKU-1189,expensive_strategic,14854.11,473,7025994.03,5.0,2,38.9,6.0,3,0.091,1.0,A
SKU-0777,expensive_strategic,23416.23,300,7024869.0,4.0,2,39.0,6.2,2,0.183,1.0,A
SKU-3066,expensive_strategic,18573.88,378,7020926.64,5.0,2,39.2,5.6,2,0.07,2.0,A
SKU-1739,standard,1450.31,4830,7004997.3,2.0,2,23.1,3.2,2,0.121,1.0,A
SKU-0952,standard,1574.73,4447,7002824.31,3.0,3,22.5,4.4,3,0.176,0.0,A
SKU-0722,expensive_strategic,20411.38,343,7001103.34,4.0,1,19.0,9.2,3,0.161,2.0,A
SKU-1446,expensive_strategic,29490.65,237,6989284.05,4.0,1,44.4,4.9,2,0.176,2.0,A
SKU-2175,expensive_strategic,24267.91,286,6940622.26,4.0,2,18.6,9.5,2,0.141,2.0,A
SKU-3044,standard,1419.9,4873,6919172.7,3.0,2,18.9,5.4,3,0.219,1.0,A
SKU-0160,standard,1783.24,3876,6911838.24,2.0,3,18.9,5.3,2,0.133,0.0,A
SKU-0686,standard,1661.13,4147,6888706.11,3.0,2,12.6,1.7,2,0.313,0.0,A
SKU-2957,standard,1686.95,4079,6881069.05,3.0,2,21.8,1.3,2,0.325,1.0,A
SKU-3026,standard,1966.86,3493,6870241.98,2.0,3,13.9,3.2,3,0.265,1.0,A
SKU-0754,expensive_strategic,19242.58,356,6850358.48,5.0,1,30.5,6.6,3,0.19,0.0,A
SKU-3048,expensive_strategic,30209.43,226,6827331.18,5.0,2,24.0,9.6,2,0.157,0.0,A
SKU-1208,standard,1424.29,4792,6825197.68,2.0,3,22.6,3.0,3,0.189,1.0,A
SKU-3112,expensive_strategic,33117.9,206,6822287.4,4.0,2,34.0,6.0,2,0.18,0.0,A
SKU-1459,expensive_strategic,18460.23,369,6811824.87,4.0,1,18.0,5.2,2,0.131,1.0,A
SKU-0979,standard,1363.75,4989,6803748.75,2.0,2,27.0,4.3,3,0.22,0.0,A
SKU-2270,standard,1703.2,3991,6797471.2,2.0,3,13.5,2.9,2,0.341,1.0,A
SKU-2567,expensive_strategic,24184.39,281,6795813.59,5.0,2,34.5,9.2,3,0.088,0.0,A
SKU-0953,expensive_strategic,33134.52,205,6792576.6,5.0,1,22.8,7.6,3,0.088,2.0,A
SKU-0590,expensive_strategic,31517.86,215,6776339.9,5.0,1,16.8,4.1,2,0.053,2.0,A
SKU-3431,standard,1552.41,4362,6771612.42,3.0,2,18.4,1.8,2,0.203,0.0,A
SKU-1372,expensive_strategic,16860.78,401,6761172.78,5.0,2,31.0,7.7,2,0.182,1.0,A
SKU-2282,standard,1492.64,4523,6751210.72,2.0,2,15.7,2.3,2,0.273,1.0,A
SKU-2791,standard,1579.86,4269,6744422.34,2.0,3,27.7,1.5,2,0.298,1.0,A
SKU-0868,expensive_strategic,13972.14,482,6734571.48,4.0,2,27.1,8.0,2,0.096,2.0,A
SKU-0505,standard,1869.93,3601,6733617.93,3.0,2,10.6,3.2,2,0.268,0.0,A
SKU-2322,standard,1787.84,3766,6733005.44,2.0,2,21.1,5.0,3,0.121,1.0,A
SKU-1989,standard,1530.08,4399,6730821.92,3.0,2,28.4,4.8,3,0.28,1.0,A
SKU-3107,standard,1798.56,3726,6701434.56,3.0,2,11.6,3.8,3,0.263,0.0,A
SKU-2095,expensive_strategic,14785.72,453,6697931.16,5.0,1,39.7,3.8,3,0.09,1.0,A
SKU-0102,standard,1759.88,3803,6692823.64,3.0,2,25.7,3.0,2,0.18,1.0,A
SKU-2386,standard,1694.87,3948,6691346.76,3.0,3,16.5,2.7,2,0.284,1.0,A
SKU-0995,standard,1460.73,4569,6674075.37,3.0,2,9.5,4.9,2,0.14,1.0,A
SKU-2027,standard,1960.16,3402,6668464.32,3.0,3,10.8,2.7,3,0.11,1.0,A
SKU-3293,standard,1727.95,3856,6662975.2,2.0,2,17.1,3.8,2,0.123,1.0,A
SKU-2431,standard,1686.68,3948,6659012.64,3.0,2,22.9,2.2,2,0.335,1.0,A
SKU-3143,standard,1429.79,4650,6648523.5,3.0,2,22.4,2.4,3,0.115,0.0,A
SKU-0020,expensive_strategic,15442.51,429,6624836.79,4.0,1,25.5,3.7,3,0.086,2.0,A
SKU-3462,expensive_strategic,31817.63,208,6618067.04,5.0,1,18.1,8.1,3,0.194,2.0,A
SKU-2030,standard,1884.92,3504,6604759.68,2.0,2,18.9,5.7,3,0.261,1.0,A
SKU-0625,standard,1412.18,4672,6597704.96,3.0,5,15.6,1.9,3,0.325,0.0,A
SKU-0994,standard,1826.77,3607,6589159.39,2.0,3,22.1,4.0,3,0.204,1.0,A
SKU-1398,expensive_strategic,37858.79,174,6587429.46,4.0,1,33.4,8.3,3,0.196,0.0,A
SKU-0993,expensive_strategic,18667.44,351,6552271.44,4.0,1,30.7,7.4,2,0.059,0.0,A
SKU-1683,standard,1317.18,4966,6541115.88,2.0,3,28.9,1.7,3,0.274,1.0,A
SKU-2880,expensive_strategic,30345.58,215,6524299.7,5.0,2,35.4,3.8,3,0.197,0.0,A
SKU-2170,expensive_strategic,37918.65,172,6522007.8,5.0,2,28.7,3.1,2,0.113,1.0,A
SKU-3117,standard,1546.49,4217,6521548.33,3.0,3,28.5,3.0,2,0.301,0.0,A
SKU-0935,expensive_strategic,16539.98,394,6516752.12,5.0,2,44.0,6.1,2,0.098,1.0,A
SKU-0170,standard,1552.84,4192,6509505.28,3.0,3,9.2,6.1,3,0.183,0.0,A
SKU-2463,standard,1991.92,3257,6487683.44,2.0,2,12.7,5.1,2,0.294,1.0,A
SKU-1628,standard,1427.63,4539,6480012.57,2.0,3,11.3,3.9,3,0.162,0.0,A
SKU-1258,standard,1566.17,4133,6472980.61,3.0,2,20.5,5.7,3,0.165,1.0,A
SKU-2496,standard,1452.87,4445,6458007.15,3.0,3,11.6,5.5,3,0.125,1.0,A
SKU-1129,standard,1506.28,4287,6457422.36,3.0,3,27.3,2.9,1,0.242,1.0,A
SKU-1438,standard,1642.2,3929,6452203.8,2.0,2,22.5,4.3,3,0.208,1.0,A
SKU-2665,standard,1430.25,4511,6451857.75,2.0,3,16.7,4.5,2,0.286,0.0,A
SKU-0876,expensive_strategic,40603.87,158,6415411.46,4.0,1,30.2,8.2,3,0.165,1.0,A
SKU-1610,standard,1696.94,3770,6397463.8,3.0,3,22.3,5.2,3,0.123,1.0,A
SKU-2776,standard,1701.17,3758,6392996.86,3.0,2,17.3,5.2,3,0.153,1.0,A
SKU-3387,expensive_strategic,24142.01,264,6373490.64,5.0,1,20.3,5.4,3,0.145,2.0,A
SKU-1984,standard,1899.52,3347,6357693.44,3.0,2,128.0,6.3,2,0.105,0.0,A
SKU-0174,expensive_strategic,16354.16,388,6345414.08,4.0,2,24.2,9.0,2,0.121,1.0,A
SKU-0493,expensive_strategic,28324.34,224,6344652.16,4.0,2,15.0,6.1,2,0.077,1.0,A
SKU-1246,standard,1533.5,4136,6342556.0,2.0,2,18.7,5.9,2,0.121,1.0,A
SKU-2713,expensive_strategic,27804.1,228,6339334.8,5.0,2,16.4,7.0,3,0.117,0.0,A
SKU-2429,expensive_strategic,15748.34,401,6315084.34,4.0,2,37.1,8.8,3,0.098,2.0,A
SKU-1928,standard,1871.23,3373,6311658.79,3.0,3,11.9,4.2,3,0.238,1.0,A
SKU-3049,standard,1931.2,3264,6303436.8,2.0,5,13.2,1.4,2,0.211,0.0,A
SKU-2635,standard,1295.21,4863,6298606.23,3.0,3,22.1,1.9,2,0.179,1.0,A
SKU-3127,standard,1628.44,3862,6289035.28,2.0,2,27.0,4.4,2,0.271,1.0,A
SKU-2078,standard,1527.19,4118,6288968.42,3.0,3,24.3,3.3,2,0.301,0.0,A
SKU-2417,standard,1755.88,3573,6273759.24,2.0,3,23.3,2.9,3,0.237,0.0,A
SKU-1437,expensive_strategic,48155.32,130,6260191.6,5.0,1,43.8,4.9,3,0.197,1.0,A
SKU-0219,standard,1603.44,3901,6255019.44,2.0,3,24.1,5.8,2,0.286,0.0,A
SKU-1921,standard,1896.18,3297,6251705.46,3.0,2,25.9,1.9,2,0.252,1.0,A
SKU-1652,expensive_strategic,24894.67,251,6248562.17,4.0,1,39.1,9.2,3,0.072,1.0,A
SKU-0691,expensive_strategic,12639.13,494,6243730.22,5.0,1,15.3,4.7,3,0.117,1.0,A
SKU-1820,standard,1894.52,3293,6238654.36,3.0,2,7.5,5.9,3,0.199,0.0,A
SKU-3346,standard,1660.19,3749,6224052.31,3.0,2,25.8,2.4,2,0.313,0.0,A
SKU-1363,standard,1963.06,3164,6211121.84,2.0,3,11.3,2.2,2,0.183,0.0,A
SKU-2959,expensive_strategic,16447.5,377,6200707.5,4.0,1,22.3,3.7,3,0.174,0.0,A
SKU-1071,expensive_strategic,31715.94,195,6184608.3,4.0,1,40.8,7.9,1,0.078,1.0,A
SKU-2094,standard,1844.35,3352,6182261.2,2.0,2,29.2,5.4,2,0.108,0.0,A
SKU-1093,standard,1574.69,3922,6175934.18,3.0,2,18.9,3.4,2,0.294,1.0,A
SKU-1326,expensive_strategic,38336.42,161,6172163.62,4.0,1,43.3,7.5,3,0.198,1.0,A
SKU-3370,standard,1541.25,4001,6166541.25,2.0,3,19.9,6.1,2,0.336,1.0,A
SKU-0824,standard,1762.73,3497,6164266.81,3.0,3,26.6,4.7,2,0.296,0.0,A
SKU-3236,expensive_strategic,12733.99,484,6163251.16,4.0,2,16.1,9.5,3,0.106,2.0,A
SKU-2067,expensive_strategic,13848.44,443,6134858.92,4.0,1,20.9,4.3,2,0.058,2.0,A
SKU-0328,standard,1584.78,3870,6133098.6,3.0,3,22.5,4.0,3,0.172,0.0,A
SKU-0985,standard,1523.55,4014,6115529.7,3.0,3,7.2,5.4,1,0.276,0.0,A
SKU-0966,standard,1463.75,4176,6112620.0,3.0,3,26.8,5.5,2,0.193,0.0,A
SKU-1041,standard,1784.12,3420,6101690.4,3.0,3,8.2,5.5,2,0.2,1.0,A
SKU-0544,standard,1854.13,3288,6096379.44,2.0,3,14.1,2.9,2,0.111,1.0,A
SKU-2184,expensive_strategic,23055.35,264,6086612.4,5.0,1,24.2,3.3,2,0.06,2.0,A
SKU-2015,standard,1632.15,3727,6083023.05,3.0,2,15.6,6.4,2,0.214,1.0,A
SKU-1842,standard,1817.08,3347,6081766.76,3.0,3,13.7,4.5,3,0.313,0.0,A
SKU-0419,standard,1740.76,3492,6078733.92,2.0,3,22.4,5.0,2,0.237,1.0,A
SKU-0065,expensive_strategic,33023.9,184,6076397.6,4.0,1,29.9,9.4,2,0.074,0.0,A
SKU-0709,expensive_strategic,15071.81,403,6073939.43,5.0,2,195.0,4.7,2,0.1,1.0,A
SKU-1720,expensive_strategic,17642.18,343,6051267.74,4.0,2,17.8,8.5,2,0.078,1.0,A
SKU-0323,standard,1482.16,4075,6039802.0,3.0,2,11.2,1.3,2,0.199,0.0,A
SKU-0779,standard,1218.31,4947,6026979.57,2.0,2,24.7,6.8,3,0.246,1.0,A
SKU-1667,expensive_strategic,15323.54,393,6022151.22,4.0,2,30.5,5.3,3,0.092,1.0,A
SKU-0090,standard,1228.87,4883,6000572.21,3.0,2,21.3,5.8,3,0.107,1.0,A
SKU-1439,expensive_strategic,14038.3,427,5994354.1,4.0,1,35.4,4.8,3,0.113,0.0,A
SKU-0136,expensive_strategic,12644.92,474,5993692.08,5.0,2,37.7,7.8,3,0.104,2.0,A
SKU-3021,expensive_strategic,31365.69,191,5990846.79,4.0,2,36.4,5.7,3,0.179,2.0,A
SKU-3180,standard,1714.97,3492,5988675.24,2.0,3,13.6,1.4,3,0.324,0.0,A
SKU-2085,standard,1233.88,4852,5986785.76,3.0,2,10.9,5.8,2,0.322,1.0,A
SKU-0963,expensive_strategic,12733.56,470,5984773.2,4.0,1,27.6,8.4,3,0.133,0.0,A
SKU-1168,standard,1292.69,4602,5948959.38,2.0,2,19.2,6.3,3,0.268,1.0,A
SKU-0809,standard,1410.66,4211,5940289.26,3.0,3,29.9,3.5,2,0.244,0.0,A
SKU-2240,expensive_strategic,38493.72,154,5928032.88,4.0,1,43.8,8.4,2,0.08,1.0,A
SKU-0143,standard,1505.4,3934,5922243.6,3.0,5,11.5,5.9,3,0.205,0.0,A
SKU-0788,standard,1474.8,4009,5912473.2,3.0,3,23.5,6.0,2,0.322,1.0,A
SKU-0729,expensive_strategic,18440.25,320,5900880.0,4.0,1,20.2,3.4,3,0.07,1.0,A
SKU-2794,expensive_strategic,48202.62,122,5880719.64,5.0,1,23.5,8.3,3,0.17,2.0,A
SKU-2877,standard,1855.24,3164,5869979.36,3.0,3,7.6,1.5,2,0.298,0.0,A
SKU-0031,standard,1277.27,4588,5860114.76,2.0,3,24.0,2.7,2,0.185,0.0,A
SKU-0443,standard,1487.25,3927,5840430.75,3.0,2,13.2,4.5,3,0.284,1.0,A
SKU-2051,standard,1818.48,3205,5828228.4,3.0,2,22.4,1.1,2,0.232,0.0,A
SKU-0820,expensive_strategic,43133.28,135,5822992.8,5.0,1,26.8,4.6,3,0.066,0.0,A
SKU-0599,expensive_strategic,24671.66,236,5822511.76,5.0,2,29.9,3.7,2,0.141,0.0,A
SKU-3255,expensive_strategic,13693.28,425,5819644.0,4.0,2,15.3,6.7,3,0.198,2.0,A
SKU-0971,standard,1575.17,3691,5813952.47,3.0,2,9.4,2.4,2,0.338,0.0,A
SKU-1777,standard,1271.52,4570,5810846.4,3.0,3,16.1,6.7,2,0.288,0.0,A
SKU-2659,expensive_strategic,11779.45,493,5807268.85,5.0,1,33.5,4.0,2,0.112,2.0,A
SKU-2258,standard,1239.68,4677,5797983.36,3.0,3,8.8,6.7,3,0.265,0.0,A
SKU-1017,expensive_strategic,43723.02,132,5771438.64,4.0,5,44.1,3.6,2,0.1,0.0,A
SKU-1134,expensive_strategic,49713.6,116,5766777.6,5.0,2,35.3,9.7,2,0.12,0.0,A
SKU-2193,standard,1199.34,4802,5759230.68,3.0,3,22.3,2.6,3,0.163,1.0,A
SKU-1804,expensive_strategic,42319.74,136,5755484.64,4.0,2,29.0,5.2,3,0.052,2.0,A
SKU-1802,standard,1039.4172661348805,4525,4703363.13,2.0,2,23.7,3.7,2,0.191,0.0,A
SKU-2238,expensive_strategic,15672.55,366,5736153.3,5.0,2,21.7,4.4,3,0.096,1.0,A
SKU-0120,standard,1226.26,4672,5729086.72,3.0,3,18.9,1.9,2,0.317,0.0,A
SKU-0028,standard,1387.05,4124,5720194.2,3.0,2,28.3,3.2,3,0.105,1.0,A
SKU-0987,standard,1878.68,3041,5713065.88,3.0,2,27.6,2.7,3,0.317,1.0,A
SKU-2533,expensive_strategic,27702.033854166668,138,3822880.67,4.0,1,40.9,9.3,2,0.065,0.0,A
SKU-3330,standard,1618.06,3510,5679390.6,2.0,3,13.5,3.7,2,0.339,1.0,A
SKU-3232,standard,1432.37,3965,5679347.05,3.0,2,29.6,3.7,3,0.318,0.0,A
SKU-2058,standard,1635.6,3462,5662447.2,2.0,3,8.4,3.2,3,0.347,0.0,A
SKU-1579,standard,1435.51,3938,5653038.38,3.0,2,25.1,6.8,2,0.329,0.0,A
SKU-1654,standard,1784.78,3164,5647043.92,2.0,3,10.9,6.2,3,0.193,1.0,A
SKU-1145,expensive_strategic,22139.83,255,5645656.65,5.0,1,42.1,6.9,3,0.165,0.0,A
SKU-3414,standard,1563.07,3611,5644245.77,2.0,2,15.9,5.9,3,0.181,0.0,A
SKU-0778,standard,1671.6,3372,5636635.2,3.0,2,19.7,4.0,3,0.21,0.0,A
SKU-1205,standard,1246.49,4515,5627902.35,3.0,3,86.0,4.3,3,0.201,1.0,A
SKU-0066,standard,1174.3,4790,5624897.0,2.0,3,27.7,1.5,3,0.185,0.0,A
SKU-1825,standard,1609.79,3490,5618167.1,3.0,3,28.0,3.4,3,0.238,1.0,A
SKU-2036,expensive_strategic,12805.79,438,5608936.02,5.0,1,44.0,3.5,2,0.066,2.0,A
SKU-0156,expensive_strategic,13135.33,427,5608785.91,5.0,2,38.7,5.7,2,0.133,1.0,A
SKU-1700,standard,1184.22,4736,5608465.92,3.0,3,20.1,3.4,2,0.188,0.0,A
SKU-0943,standard,1559.59,3595,5606726.05,3.0,3,18.9,6.0,2,0.272,1.0,A
SKU-3174,expensive_strategic,20988.17,267,5603841.39,4.0,1,36.9,7.4,2,0.152,1.0,A
SKU-0593,expensive_strategic,21010.69,266,5588843.54,4.0,1,29.6,6.8,3,0.095,0.0,A
SKU-0701,standard,1177.54,4741,5582717.14,2.0,3,22.7,1.4,3,0.254,0.0,A
SKU-0573,standard,1183.59,4705,5568790.95,2.0,2,18.9,4.2,2,0.226,0.0,A
SKU-1431,standard,1446.38,3848,5565670.24,2.0,2,8.2,2.8,2,0.146,1.0,A
SKU-0940,standard,1465.07,3797,5562870.79,2.0,2,18.9,5.7,3,0.135,1.0,A
SKU-3057,standard,1187.35,4681,5557985.35,3.0,2,8.4,2.4,3,0.107,1.0,A
SKU-1790,standard,1323.99,4197,5556786.03,3.0,3,20.7,6.6,3,0.228,0.0,A
SKU-3339,standard,1604.6,3463,5556729.8,3.0,2,24.0,3.4,3,0.228,0.0,A
SKU-0060,expensive_strategic,47442.87,117,5550815.79,5.0,1,42.5,4.8,3,0.087,1.0,A
SKU-3345,standard,1441.7,3848,5547661.6,2.0,2,17.7,5.8,2,0.108,1.0,A
SKU-0131,standard,1366.39,4054,5539345.06,2.0,2,7.3,1.9,3,0.151,0.0,A
SKU-3443,expensive_strategic,19363.45,286,5537946.7,5.0,1,39.9,8.6,2,0.141,2.0,A
SKU-1678,standard,1698.49,3254,5526886.46,2.0,3,15.8,5.7,3,0.178,0.0,A
SKU-0586,expensive_strategic,13508.49,409,5524972.41,4.0,2,30.6,5.1,1,0.141,0.0,A
SKU-2585,standard,1779.8,3104,5524499.2,3.0,3,25.4,6.6,2,0.333,0.0,A
SKU-1114,standard,1981.5,2769,5486773.5,2.0,2,12.7,6.0,2,0.125,1.0,A
SKU-3500,standard,1351.54,4044,5465627.76,3.0,2,27.2,6.4,2,0.267,0.0,A
SKU-2831,standard,1216.03,4493,5463622.79,2.0,2,19.4,5.9,2,0.263,1.0,A
SKU-0697,expensive_strategic,22377.02,244,5459992.88,5.0,2,33.1,4.4,3,0.08,1.0,A
SKU-2405,standard,1725.89,3162,5457264.18,2.0,2,17.2,3.2,3,0.215,0.0,A
SKU-0891,standard,1405.16,3874,5443589.84,2.0,3,18.9,2.9,2,0.202,1.0,A
SKU-0579,standard,1110.96,4896,5439260.16,3.0,2,18.9,5.9,3,0.154,1.0,A
SKU-1737,standard,1169.07,4651,5437344.57,3.0,2,24.1,4.3,2,0.241,0.0,A
SKU-1641,standard,1353.23,4017,5435924.91,3.0,2,17.6,6.9,2,0.294,0.0,A
SKU-3202,standard,1940.76,2796,5426364.96,2.0,3,28.4,1.2,3,0.291,0.0,A
SKU-2660,standard,1460.11,3705,5409707.55,2.0,3,26.1,6.1,2,0.199,0.0,A
SKU-1257,expensive_strategic,10878.1,497,5406415.7,4.0,2,30.5,3.3,3,0.168,1.0,A
SKU-0856,expensive_strategic,10943.01,493,5394903.93,4.0,2,30.5,3.2,2,0.143,2.0,A
SKU-0744,standard,1786.68,3015,5386840.2,2.0,3,24.2,3.3,3,0.163,1.0,A
SKU-1190,standard,1514.18,3556,5384424.08,3.0,3,27.0,3.3,2,0.289,1.0,A
SKU-0618,expensive_strategic,15070.03,357,5380000.71,4.0,1,42.5,7.9,3,0.106,1.0,A
SKU-1347,expensive_strategic,40143.85,134,5379275.9,4.0,1,36.0,9.5,3,0.12,2.0,A
SKU-0794,standard,1258.45,4268,5371064.6,3.0,3,24.9,6.0,3,0.314,1.0,A
SKU-1714,standard,1435.96,3740,5370490.4,2.0,3,17.8,6.2,2,0.152,0.0,A
SKU-1492,standard,1808.74,2953,5341209.22,3.0,2,28.6,3.0,3,0.14,1.0,A
SKU-3465,expensive_strategic,21070.27,253,5330778.31,4.0,2,37.5,4.6,2,0.092,2.0,A
SKU-2743,expensive_strategic,25981.52,205,5326211.6,4.0,2,40.0,5.0,3,0.149,0.0,A
SKU-0027,expensive_strategic,22088.82,241,5323405.62,5.0,2,16.7,7.0,2,0.166,1.0,A
SKU-0289,expensive_strategic,17004.74,313,5322483.62,5.0,1,16.5,3.3,3,0.071,2.0,A
SKU-2514,standard,1738.15,3059,5317000.85,2.0,3,17.6,4.7,3,0.278,1.0,A
SKU-1878,standard,1175.39,4521,5313938.19,2.0,3,17.0,2.6,2,0.128,1.0,A
SKU-0657,expensive_strategic,28770.2,184,5293716.8,4.0,1,33.2,7.8,2,0.121,0.0,A
SKU-2162,standard,1075.82,4919,5291958.58,3.0,3,13.3,5.8,2,0.154,0.0,A
SKU-1581,expensive_strategic,31303.47,169,5290286.43,4.0,2,43.9,9.5,2,0.153,1.0,A
SKU-1858,standard,1276.4,4144,5289401.6,3.0,3,17.4,3.6,3,0.274,1.0,A
SKU-0607,expensive_strategic,17430.75,303,5281517.25,5.0,2,43.4,5.9,3,0.183,0.0,A
SKU-1486,standard,1727.11,3056,5278048.16,3.0,3,18.9,6.0,3,0.114,0.0,A
SKU-2397,expensive_strategic,19891.03,265,5271122.95,4.0,1,30.3,5.7,2,0.137,0.0,A
SKU-0226,expensive_strategic,30810.35,171,5268569.85,5.0,1,30.5,6.5,3,0.068,2.0,A
SKU-3388,standard,1078.22,4882,5263870.04,2.0,2,8.1,4.5,3,0.204,1.0,A
SKU-0671,expensive_strategic,43857.12,120,5262854.4,5.0,1,17.8,8.1,2,0.14,2.0,A
SKU-2161,standard,1253.2,4199,5262186.8,2.0,2,17.3,4.9,2,0.157,0.0,A
SKU-2436,standard,1339.77,3920,5251898.4,2.0,2,17.5,3.5,2,0.247,0.0,A
SKU-1204,expensive_strategic,24488.42,214,5240521.88,5.0,2,27.2,9.9,3,0.097,0.0,A
SKU-3483,expensive_strategic,41909.95,125,5238743.75,4.0,2,24.3,6.1,2,0.161,2.0,A
SKU-3155,standard,1114.51,4670,5204761.7,3.0,2,22.1,1.3,2,0.336,0.0,A
SKU-2370,standard,1167.16,4436,5177521.76,2.0,3,20.0,3.2,2,0.181,1.0,A
SKU-3343,standard,1066.66,4852,5175434.32,3.0,3,27.1,7.0,1,0.272,0.0,A
SKU-0630,expensive_strategic,13543.37,382,5173567.34,4.0,1,29.3,7.5,2,0.159,2.0,A
SKU-2932,standard,1118.67,4615,5162662.05,2.0,2,18.4,5.0,3,0.19,1.0,A
SKU-0218,standard,1151.76,4472,5150670.72,3.0,2,23.7,5.8,3,0.191,1.0,A
SKU-1468,standard,1695.3,3031,5138454.3,3.0,2,29.6,5.7,3,0.101,1.0,A
SKU-2454,expensive_strategic,48359.76,106,5126134.56,5.0,2,17.7,7.1,2,0.113,1.0,A
SKU-3422,standard,1302.78,3933,5123833.74,2.0,2,28.0,5.9,2,0.168,0.0,A
SKU-1329,standard,1238.43,4127,5111000.61,2.0,3,14.2,2.8,2,0.256,0.0,A
SKU-0107,standard,1128.61,4506,5085516.66,3.0,2,29.4,3.8,2,0.158,1.0,A
SKU-1730,standard,1039.4172661348805,2842,2954023.87,3.0,3,22.5,2.5,3,0.292,0.0,A
SKU-2026,expensive_strategic,42016.27,121,5083968.67,4.0,2,30.5,6.3,2,0.114,2.0,A
SKU-0650,standard,1050.57,4828,5072151.96,2.0,2,19.6,2.3,3,0.251,0.0,A
SKU-2408,expensive_strategic,24383.39,208,5071745.12,5.0,2,41.8,6.5,3,0.108,2.0,A
SKU-0905,standard,1449.81,3491,5061286.71,2.0,3,17.7,4.0,3,0.119,1.0,A
SKU-3245,standard,1598.52,3166,5060914.32,2.0,3,12.1,2.5,3,0.165,1.0,A
SKU-3228,standard,1337.63,3775,5049553.25,3.0,2,10.0,3.4,2,0.205,0.0,A
SKU-0150,expensive_strategic,19875.25,254,5048313.5,4.0,1,38.9,8.1,3,0.07,0.0,A
SKU-1539,expensive_strategic,13070.9,385,5032296.5,5.0,1,29.0,6.4,2,0.124,0.0,A
SKU-2518,standard,1134.58,4430,5026189.4,3.0,3,15.4,6.2,2,0.148,1.0,A
SKU-2672,standard,1210.44,4148,5020905.12,2.0,2,8.0,3.5,2,0.143,1.0,A
SKU-3360,standard,1468.1,3417,5016497.7,3.0,2,17.3,4.4,3,0.259,0.0,A
SKU-1779,expensive_strategic,43161.26,116,5006706.16,4.0,1,30.5,3.6,3,0.154,1.0,A
SKU-1132,standard,1233.13,4054,4999109.02,2.0,2,27.5,4.5,2,0.134,1.0,A
SKU-0838,standard,1984.23,2511,4982401.53,3.0,3,19.6,1.2,3,0.349,0.0,A
SKU-0585,standard,1344.06,3698,4970333.88,2.0,3,18.0,3.2,2,0.314,0.0,A
SKU-2458,standard,1819.53,2730,4967316.9,2.0,2,21.3,2.7,3,0.272,1.0,A
SKU-3316,standard,1098.46,4521,4966137.66,3.0,2,16.8,5.8,2,0.15,1.0,A
SKU-0279,standard,1925.42,2576,4959881.92,2.0,2,12.9,3.7,3,0.287,0.0,A
SKU-0713,standard,1640.57,3022,4957802.54,3.0,3,7.4,4.3,2,0.192,1.0,A
SKU-0874,standard,1658.56,2987,4954118.72,3.0,2,29.3,3.8,2,0.241,0.0,A
SKU-1537,expensive_strategic,12381.8,400,4952720.0,4.0,1,42.8,8.6,3,0.134,1.0,A
SKU-1338,standard,1569.91,3151,4946786.41,3.0,3,16.9,2.5,3,0.113,1.0,A
SKU-0750,standard,1702.41,2903,4942096.23,3.0,2,29.1,6.4,2,0.233,1.0,A
SKU-2972,expensive_strategic,20385.06,242,4933184.52,4.0,1,23.1,4.6,2,0.189,1.0,A
SKU-0018,standard,1189.12,4108,4884904.96,3.0,3,22.5,2.3,3,0.23,1.0,A
SKU-1433,standard,981.86,4970,4879844.2,3.0,3,18.9,1.4,2,0.33,0.0,A
SKU-3070,standard,1946.42,2506,4877728.52,2.0,3,14.4,2.8,2,0.149,1.0,A
SKU-2670,expensive_strategic,18973.83,257,4876274.31,4.0,1,37.3,7.2,2,0.079,2.0,A
SKU-2379,standard,1460.66,3329,4862537.14,2.0,2,26.7,1.2,2,0.262,0.0,A
SKU-0299,standard,1745.84,2781,4855181.04,2.0,2,18.9,2.8,3,0.346,0.0,A
SKU-2845,standard,1843.18,2630,4847563.4,3.0,2,13.3,4.7,2,0.21,1.0,A
SKU-3164,standard,1701.73,2847,4844825.31,2.0,2,171.0,5.3,2,0.262,1.0,A
SKU-1286,standard,1828.91,2645,4837466.95,3.0,3,18.9,5.1,2,0.344,0.0,A
SKU-3144,standard,1309.53,3693,4836094.29,2.0,2,9.5,1.3,3,0.268,0.0,A
SKU-1901,standard,1263.57,3825,4833155.25,2.0,2,27.0,4.3,3,0.32,0.0,A
SKU-0415,standard,1039.4172661348805,2613,2715997.32,3.0,3,23.8,4.0,2,0.252,1.0,A
SKU-1000,standard,1519.32,3175,4823841.0,2.0,3,7.2,6.9,3,0.323,1.0,A
SKU-2118,standard,1232.59,3909,4818194.31,3.0,3,23.0,5.8,2,0.281,1.0,A
SKU-2630,standard,1423.67,3379,4810580.93,2.0,3,7.3,3.0,3,0.201,0.0,A
SKU-2453,standard,1100.85,4367,4807411.95,3.0,3,27.7,5.3,2,0.12,0.0,A
SKU-1778,standard,1583.53,3032,4801262.96,3.0,3,22.0,3.1,3,0.174,1.0,A
SKU-1785,standard,1587.2,3025,4801280.0,2.0,3,27.5,2.4,3,0.105,1.0,A
SKU-0904,standard,1285.13,3736,4801245.68,3.0,2,16.9,4.0,3,0.225,1.0,A
SKU-1058,standard,1612.97,2975,4798585.75,2.0,2,27.3,4.8,2,0.168,0.0,A
SKU-0955,standard,1527.42,3141,4797626.22,3.0,3,29.9,6.9,2,0.219,1.0,A
SKU-1336,standard,1742.96,2751,4794882.96,2.0,3,9.8,1.0,3,0.149,0.0,A
SKU-3113,standard,1979.61,2417,4784717.37,3.0,3,19.2,1.4,2,0.129,0.0,A
SKU-3355,expensive_strategic,18861.63,253,4771992.39,4.0,2,24.2,7.3,3,0.068,2.0,A
SKU-0542,standard,1157.75,4120,4769930.0,2.0,2,12.9,3.4,2,0.221,1.0,A
SKU-2262,standard,1194.23,3994,4769754.62,2.0,2,29.9,5.0,3,0.234,1.0,A
SKU-0769,expensive_strategic,9766.21,488,4765910.48,4.0,1,29.1,9.1,2,0.17,2.0,A
SKU-0178,standard,1262.82,3769,4759568.58,2.0,2,18.9,5.1,3,0.158,0.0,A
SKU-0244,standard,1431.64,3313,4743023.32,2.0,3,17.5,3.9,2,0.166,1.0,A
SKU-3263,standard,1092.62,4333,4734322.46,2.0,3,16.4,2.7,3,0.266,0.0,A
SKU-0481,standard,1328.09,3563,4731984.67,2.0,2,8.5,1.8,2,0.252,0.0,A
SKU-2455,standard,1332.72,3548,4728490.56,2.0,3,14.9,5.1,2,0.173,1.0,A
SKU-1584,standard,1145.57,4126,4726621.82,2.0,2,7.2,2.7,3,0.265,0.0,A
SKU-0737,standard,1274.86,3706,4724631.16,2.0,2,17.1,3.4,2,0.235,1.0,A
SKU-1708,expensive_strategic,27555.82,171,4712045.22,5.0,2,26.6,9.3,3,0.104,2.0,A
SKU-3243,standard,1255.02,3736,4688754.72,3.0,3,11.4,1.3,2,0.17,0.0,A
SKU-2648,standard,1313.73,3568,4687388.64,3.0,2,29.7,7.0,3,0.185,1.0,A
SKU-2879,standard,1653.73,2826,4673440.98,3.0,2,20.6,5.6,3,0.181,0.0,A
SKU-2741,standard,1556.57,3001,4671266.57,2.0,2,28.7,5.1,3,0.31,0.0,A
SKU-3315,expensive_strategic,9992.1,467,4666310.7,5.0,2,31.9,8.3,2,0.097,0.0,A
SKU-1942,expensive_strategic,22001.82,212,4664385.84,5.0,2,28.0,3.4,2,0.1,2.0,A
SKU-3449,standard,1539.87,3028,4662726.36,3.0,2,15.9,4.5,3,0.158,0.0,A
SKU-0658,standard,1179.81,3946,4655530.26,2.0,3,22.6,6.1,3,0.308,1.0,A
SKU-2757,standard,1444.74,3219,4650618.06,3.0,2,7.6,3.0,2,0.231,1.0,A
SKU-0083,expensive_strategic,30390.43,153,4649735.79,5.0,2,15.7,6.0,3,0.173,0.0,A
SKU-2292,expensive_strategic,12939.2,359,4645172.8,4.0,1,23.5,9.8,2,0.066,0.0,A
SKU-3490,standard,1351.9,3431,4638368.9,2.0,2,23.5,1.3,2,0.251,0.0,A
SKU-0064,standard,1995.48,2323,4635500.04,2.0,3,22.8,1.7,1,0.15,1.0,A
SKU-1313,standard,1227.22,3777,4635209.94,3.0,2,8.2,6.8,3,0.212,1.0,A
SKU-3464,standard,1935.8,2389,4624626.2,3.0,3,14.6,2.7,3,0.318,1.0,A
SKU-1615,expensive_strategic,44034.04,105,4623574.2,4.0,1,16.8,6.4,2,0.156,2.0,A
SKU-1572,expensive_strategic,28502.55,162,4617413.1,5.0,1,40.7,4.6,3,0.137,0.0,A
SKU-3456,expensive_strategic,37744.93,122,4604881.46,4.0,1,15.8,10.0,2,0.179,1.0,A
SKU-0613,standard,1222.74,3761,4598725.14,2.0,3,29.1,3.8,2,0.163,1.0,A
SKU-2994,standard,1132.21,4060,4596772.6,3.0,2,17.1,4.4,3,0.295,0.0,A
SKU-2924,expensive_strategic,33533.44,137,4594081.28,5.0,1,25.3,3.1,2,0.159,0.0,A
SKU-1632,expensive_strategic,11993.05,383,4593338.15,4.0,2,27.9,6.0,2,0.148,2.0,A
SKU-1252,standard,1492.26,3074,4587207.24,2.0,2,27.1,2.4,3,0.268,0.0,A
SKU-0147,standard,1983.91,2312,4586799.92,3.0,2,14.0,5.4,2,0.205,1.0,A
SKU-2331,expensive_strategic,18340.09,250,4585022.5,4.0,1,36.6,9.3,3,0.186,2.0,A
SKU-1787,standard,1428.47,3205,4578246.35,3.0,3,24.6,1.1,3,0.217,1.0,A
SKU-2820,standard,927.76,4932,4575712.32,3.0,3,12.3,2.6,3,0.157,0.0,A
SKU-2726,expensive_strategic,14904.47,307,4575672.29,5.0,1,27.7,3.8,2,0.077,0.0,A
SKU-1583,standard,1255.93,3634,4564049.62,3.0,2,9.3,3.4,2,0.165,1.0,A
SKU-1390,standard,1614.79,2818,4550478.22,3.0,3,16.4,2.9,2,0.265,0.0,A
SKU-1402,expensive_strategic,49280.82,92,4533835.44,5.0,2,30.6,9.8,3,0.169,0.0,A
SKU-2222,standard,1039.4172661348805,3581,3722153.23,2.0,3,14.9,1.9,2,0.268,0.0,A
SKU-2805,standard,1829.98,2472,4523710.56,3.0,2,28.2,7.0,3,0.206,0.0,A
SKU-2580,standard,1079.21,4174,4504622.54,2.0,3,24.7,2.0,2,0.121,0.0,A
SKU-1421,expensive_strategic,30840.29,146,4502682.34,5.0,2,18.5,8.9,2,0.176,2.0,A
SKU-1501,standard,1923.86,2338,4497984.68,3.0,3,13.8,5.6,2,0.195,1.0,A
SKU-3214,standard,1065.07,4210,4483944.7,3.0,3,24.1,4.5,2,0.295,0.0,A
SKU-3261,expensive_strategic,26370.6,170,4483002.0,5.0,1,42.5,5.8,3,0.051,2.0,A
SKU-0469,expensive_strategic,43447.98,103,4475141.94,4.0,2,42.3,3.2,3,0.188,0.0,A
SKU-0897,expensive_strategic,22361.56,200,4472312.0,5.0,2,26.4,6.3,2,0.14,1.0,A
SKU-3022,standard,1096.63,4070,4463284.1,2.0,3,17.9,4.5,3,0.348,1.0,A
SKU-2850,standard,1832.94,2417,4430215.98,3.0,2,20.9,5.4,3,0.101,0.0,A
SKU-1689,standard,1383.69,3199,4426424.31,3.0,2,26.1,2.1,2,0.311,0.0,A
SKU-0307,standard,926.53,4774,4423254.22,3.0,3,13.1,3.6,3,0.299,0.0,A
SKU-3089,standard,1654.16,2667,4411644.72,3.0,3,22.5,2.3,3,0.231,1.0,A
SKU-0360,standard,1290.92,3415,4408491.8,2.0,2,187.0,3.6,2,0.241,0.0,A
SKU-0970,standard,1249.39,3524,4402850.36,2.0,3,12.4,4.5,3,0.35,0.0,A
SKU-1681,expensive_strategic,32118.48,137,4400231.76,4.0,1,40.9,5.2,3,0.146,0.0,A
SKU-2527,expensive_strategic,13083.93,336,4396200.48,5.0,2,33.2,4.7,3,0.13,2.0,A
SKU-2574,standard,1166.64,3761,4387733.04,2.0,3,28.9,2.5,2,0.293,0.0,A
SKU-2334,standard,1211.49,3619,4384382.31,3.0,3,27.7,3.6,3,0.112,1.0,A
SKU-2604,expensive_strategic,19029.38,230,4376757.4,4.0,2,40.4,8.7,2,0.134,0.0,A
SKU-1567,standard,1322.04,3309,4374630.36,2.0,2,12.3,2.2,2,0.186,1.0,A
SKU-2656,standard,1586.76,2750,4363590.0,3.0,3,21.7,5.1,2,0.324,1.0,A
SKU-0988,standard,1851.72,2355,4360800.6,2.0,2,13.9,4.7,2,0.255,1.0,A
SKU-0700,standard,1344.39,3239,4354479.21,3.0,2,13.0,6.0,3,0.158,0.0,A
SKU-0698,standard,1563.78,2775,4339489.5,3.0,2,7.4,3.9,3,0.17,0.0,A
SKU-3009,standard,1234.01,3512,4333843.12,3.0,3,24.0,1.1,3,0.307,0.0,A
SKU-3121,expensive_strategic,33780.82,128,4323944.96,5.0,1,20.3,3.5,2,0.057,2.0,A
SKU-1401,expensive_strategic,10430.93,414,4318405.02,5.0,1,22.5,6.8,2,0.154,2.0,A
SKU-1106,expensive_strategic,37490.95,115,4311459.25,4.0,2,16.7,9.7,3,0.172,1.0,A
SKU-2521,standard,1104.48,3898,4305263.04,3.0,3,10.4,6.2,2,0.287,0.0,A
SKU-1590,standard,1038.42,4145,4304250.9,2.0,3,7.4,1.4,2,0.222,0.0,A
SKU-1920,standard,1908.37,2252,4297649.24,2.0,3,15.3,2.9,3,0.208,0.0,A
SKU-2368,standard,944.7,4549,4297440.3,3.0,2,26.1,2.6,3,0.201,1.0,A
SKU-3467,standard,1005.17,4268,4290065.56,3.0,3,17.5,5.2,1,0.311,0.0,A
SKU-0840,standard,1509.48,2839,4285413.72,3.0,3,17.7,2.5,2,0.333,0.0,A
SKU-1354,standard,1584.77,2702,4282048.54,3.0,3,12.0,1.8,3,0.289,0.0,A
SKU-2269,expensive_strategic,28354.8,151,4281574.8,4.0,1,44.4,4.0,2,0.1,2.0,A
SKU-2953,standard,865.72,4945,4280985.4,2.0,2,18.9,1.9,2,0.131,1.0,A
SKU-1285,expensive_strategic,19811.15,216,4279208.4,5.0,2,41.2,4.8,2,0.061,2.0,A
SKU-2158,expensive_strategic,12878.51,332,4275665.32,5.0,1,33.3,5.2,3,0.133,2.0,A
SKU-0964,standard,1662.32,2572,4275487.04,3.0,3,23.4,3.2,2,0.301,0.0,A
SKU-0349,standard,1077.67,3962,4269728.54,2.0,2,29.7,5.9,2,0.105,1.0,A
SKU-0456,standard,1723.58,2476,4267584.08,2.0,3,25.0,6.1,2,0.123,0.0,A
SKU-1211,standard,1723.67,2475,4266083.25,2.0,2,18.7,5.8,3,0.243,1.0,A
SKU-0872,expensive_strategic,37376.16,114,4260882.24,5.0,2,34.3,4.9,3,0.062,0.0,A
SKU-0123,expensive_strategic,44381.01,96,4260576.96,5.0,1,26.8,7.2,3,0.111,0.0,A
SKU-0252,standard,1970.84,2159,4255043.56,2.0,2,28.9,3.1,2,0.206,1.0,A
SKU-0973,standard,1690.34,2516,4252895.44,3.0,3,12.8,3.0,3,0.328,0.0,A
SKU-1661,standard,1555.55,2731,4248207.05,3.0,3,17.4,5.5,3,0.104,0.0,A
SKU-1330,standard,1979.44,2146,4247878.24,3.0,3,29.0,2.0,2,0.104,1.0,A
SKU-0834,expensive_strategic,44219.56,96,4245077.76,5.0,2,18.0,9.1,3,0.135,1.0,A
SKU-2145,standard,892.95,4751,4242405.45,2.0,3,20.4,4.6,2,0.125,0.0,A
SKU-1967,expensive_strategic,12243.0,346,4236078.0,4.0,2,15.5,9.8,3,0.142,2.0,A
SKU-0115,standard,861.34,4917,4235208.78,3.0,2,16.5,3.3,2,0.254,1.0,A
SKU-3328,standard,1150.45,3681,4234806.45,3.0,2,14.0,3.0,3,0.128,0.0,A
SKU-2970,standard,1395.05,3022,4215841.1,2.0,3,23.3,3.8,3,0.204,0.0,A
SKU-1109,standard,1002.97,4201,4213476.97,3.0,2,25.4,4.1,2,0.132,1.0,A
SKU-0094,standard,1457.97,2886,4207701.42,3.0,2,27.7,5.8,2,0.309,1.0,A
SKU-0634,standard,1016.6,4132,4200591.2,3.0,2,13.3,2.0,3,0.177,0.0,A
SKU-2112,expensive_strategic,45150.39,93,4198986.27,5.0,2,24.9,10.0,3,0.118,1.0,A
SKU-0668,expensive_strategic,41498.93,101,4191391.93,4.0,2,41.4,5.9,2,0.115,2.0,A
SKU-0850,standard,1409.6,2968,4183692.8,2.0,3,24.2,4.1,3,0.163,1.0,A
SKU-1850,standard,1689.97,2474,4180985.78,3.0,2,7.9,3.7,3,0.254,1.0,A
SKU-2870,standard,1215.09,3438,4177479.42,3.0,2,9.5,2.6,2,0.117,0.0,A
SKU-1507,standard,1056.81,3947,4171229.07,3.0,3,11.4,5.8,2,0.102,1.0,A
SKU-2128,expensive_strategic,17204.97,242,4163602.74,5.0,1,29.9,7.2,1,0.156,1.0,A
SKU-2260,standard,1848.62,2251,4161243.62,2.0,2,10.1,5.6,3,0.311,1.0,A
SKU-0208,standard,1233.29,3368,4153720.72,3.0,2,12.5,2.8,3,0.333,1.0,A
SKU-0780,standard,937.46,4427,4150135.42,3.0,5,11.7,1.9,2,0.221,0.0,A
SKU-2264,standard,1365.77,3038,4149209.26,3.0,3,19.1,1.4,3,0.129,1.0,A
SKU-2999,expensive_strategic,8712.73,476,4147259.48,4.0,1,20.5,8.0,2,0.127,0.0,A
SKU-3369,expensive_strategic,14186.46,292,4142446.32,4.0,1,42.9,4.0,2,0.109,1.0,A
SKU-0942,standard,992.34,4173,4141034.82,2.0,3,23.7,4.1,2,0.178,1.0,A
SKU-3278,standard,1510.14,2735,4130232.9,3.0,3,29.4,3.9,3,0.273,0.0,A
SKU-2314,standard,1059.0,3899,4129041.0,2.0,3,22.6,4.7,2,0.193,0.0,A
SKU-3211,expensive_strategic,39664.44,104,4125101.76,5.0,1,21.0,4.9,2,0.1,1.0,A
SKU-3109,standard,1235.48,3338,4124032.24,3.0,3,22.8,2.9,1,0.302,1.0,A
SKU-0626,standard,1196.08,3444,4119299.52,2.0,3,14.5,6.9,3,0.321,0.0,A
SKU-3373,expensive_strategic,22747.42,181,4117283.02,5.0,2,42.5,7.6,2,0.185,2.0,A
SKU-0388,expensive_strategic,20032.05,205,4106570.25,5.0,2,38.2,3.7,1,0.075,0.0,A
SKU-1613,standard,1764.96,2324,4101767.04,2.0,3,26.1,1.2,2,0.124,0.0,A
SKU-3152,expensive_strategic,9668.76,424,4099554.24,4.0,1,28.2,7.1,3,0.072,2.0,A
SKU-0520,expensive_strategic,47643.06,86,4097303.16,4.0,2,32.1,5.7,3,0.097,1.0,A
SKU-1964,standard,972.94,4206,4092185.64,3.0,2,18.1,6.5,3,0.212,0.0,A
SKU-0344,standard,969.71,4216,4088297.36,3.0,2,12.4,4.9,2,0.317,1.0,A
SKU-1821,expensive_strategic,9586.94,426,4084036.44,5.0,1,38.2,6.3,2,0.185,2.0,A
SKU-1029,expensive_strategic,18389.6,222,4082491.2,5.0,1,26.7,9.6,3,0.122,0.0,A
SKU-1384,expensive_strategic,20596.01,198,4078009.98,4.0,5,19.8,6.4,2,0.061,2.0,A
SKU-0303,standard,953.61,4276,4077636.36,3.0,3,11.2,4.0,2,0.113,1.0,A
SKU-2751,standard,1979.77,2059,4076346.43,2.0,3,8.1,2.6,2,0.183,1.0,A
SKU-1509,standard,931.44,4366,4066667.04,3.0,2,22.2,5.1,2,0.278,0.0,A
SKU-2353,standard,1720.33,2362,4063419.46,3.0,3,26.1,6.5,2,0.232,1.0,A
SKU-2048,standard,1643.66,2470,4059840.2,3.0,2,29.1,2.4,3,0.313,1.0,A
SKU-3120,expensive_strategic,16296.7,249,4057878.3,4.0,1,40.7,9.0,2,0.195,2.0,A
SKU-2163,standard,1909.93,2124,4056691.32,3.0,3,24.1,3.7,2,0.218,1.0,A
SKU-1344,standard,1500.47,2700,4051269.0,2.0,3,12.3,5.5,2,0.259,0.0,A
SKU-3032,standard,1147.79,3521,4041368.59,3.0,2,8.5,4.0,3,0.236,0.0,A
SKU-3003,expensive_strategic,13086.8,308,4030734.4,4.0,1,29.7,4.2,3,0.073,0.0,A
SKU-0929,standard,1110.72,3624,4025249.28,3.0,3,12.7,2.3,2,0.33,0.0,A
SKU-2864,standard,1387.7,2896,4018779.2,2.0,2,17.8,1.8,3,0.109,1.0,A
SKU-0501,standard,1117.29,3591,4012188.39,2.0,2,24.0,3.6,2,0.241,1.0,A
SKU-1540,standard,1549.74,2581,3999878.94,3.0,3,9.0,6.7,2,0.185,0.0,A
SKU-0739,standard,1359.52,2936,3991550.72,3.0,2,183.0,6.9,3,0.173,1.0,A
SKU-2138,standard,861.05,4633,3989244.65,3.0,2,27.9,1.6,2,0.348,0.0,A
SKU-2949,standard,801.58,4974,3987058.92,2.0,2,27.5,6.8,2,0.174,0.0,A
SKU-3344,expensive_strategic,12493.57,319,3985448.83,5.0,1,33.6,6.1,3,0.196,1.0,A
SKU-1472,standard,1381.05,2884,3982948.2,3.0,3,20.4,3.9,3,0.179,0.0,A
SKU-3074,expensive_strategic,9093.64,436,3964827.04,5.0,1,36.0,3.5,2,0.116,2.0,A
SKU-1727,standard,1569.37,2524,3961089.88,2.0,2,15.2,2.4,2,0.15,0.0,A
SKU-0403,standard,1788.62,2211,3954638.82,3.0,3,16.4,6.9,2,0.262,1.0,A
SKU-3196,standard,944.35,4182,3949271.7,2.0,2,11.5,2.9,2,0.211,1.0,A
SKU-0210,expensive_strategic,13107.14,301,3945249.14,5.0,1,27.4,4.4,3,0.054,2.0,A
SKU-1924,standard,811.86,4858,3944015.88,2.0,2,8.1,3.0,3,0.201,0.0,A
SKU-2853,expensive_strategic,10769.4,366,3941600.4,4.0,1,31.6,3.5,2,0.052,0.0,A
SKU-0896,expensive_strategic,18078.93,218,3941206.74,5.0,1,32.3,7.9,3,0.05,1.0,A
SKU-3063,standard,1661.56,2371,3939558.76,2.0,2,24.7,6.9,3,0.177,0.0,A
SKU-1571,standard,833.65,4723,3937328.95,2.0,2,19.0,5.3,2,0.229,1.0,A
SKU-1490,standard,807.44,4875,3936270.0,3.0,2,22.0,5.4,3,0.303,0.0,A
SKU-1914,standard,1734.23,2264,3926296.72,2.0,3,26.7,6.5,3,0.298,1.0,A
SKU-3363,standard,845.22,4645,3926046.9,3.0,2,26.9,4.0,2,0.316,0.0,A
SKU-2962,expensive_strategic,39650.51,99,3925400.49,5.0,1,30.5,5.8,3,0.103,2.0,A
SKU-1004,standard,803.28,4885,3924022.8,3.0,3,27.4,6.1,3,0.198,1.0,A
SKU-0217,expensive_strategic,24069.66,163,3923354.58,5.0,2,33.7,8.8,2,0.103,1.0,A
SKU-1283,standard,1143.79,3427,3919768.33,3.0,3,8.8,2.5,2,0.121,1.0,A
SKU-1589,standard,1934.24,2021,3909099.04,3.0,3,20.2,2.1,2,0.154,1.0,A
SKU-2116,expensive_strategic,12773.96,306,3908831.76,5.0,2,42.1,7.4,2,0.132,1.0,A
SKU-2375,standard,1055.83,3699,3905515.17,3.0,3,23.9,3.2,3,0.318,1.0,A
SKU-3153,standard,1630.83,2391,3899314.53,2.0,2,15.2,3.5,2,0.336,0.0,A
SKU-1620,standard,1692.75,2302,3896710.5,2.0,3,19.0,4.2,2,0.272,0.0,A
SKU-0062,expensive_strategic,37078.07,105,3893197.35,5.0,1,26.9,8.1,2,0.179,1.0,A
SKU-0967,standard,881.38,4417,3893055.46,2.0,3,16.0,6.1,3,0.258,1.0,A
SKU-0126,standard,935.73,4156,3888893.88,3.0,3,9.9,2.1,3,0.196,0.0,A
SKU-2685,expensive_strategic,19048.49,204,3885891.96,4.0,1,24.9,4.3,3,0.128,1.0,A
SKU-1348,standard,1184.06,3281,3884900.86,2.0,3,20.7,2.6,2,0.263,0.0,A
SKU-1271,standard,1663.75,2334,3883192.5,2.0,2,11.1,1.6,2,0.318,0.0,A
SKU-0322,standard,1703.08,2278,3879616.24,3.0,2,19.1,4.5,3,0.289,0.0,A
SKU-2874,standard,1794.66,2160,3876465.6,3.0,2,25.3,3.6,2,0.188,0.0,A
SKU-2562,standard,1863.74,2079,3874715.46,3.0,3,17.1,5.8,3,0.311,0.0,A
SKU-2852,expensive_strategic,48932.14,79,3865639.06,4.0,2,23.6,8.7,2,0.085,0.0,A
SKU-2259,expensive_strategic,19809.4,195,3862833.0,5.0,2,39.2,7.3,3,0.09,2.0,A
SKU-1317,standard,1396.71,2760,3854919.6,3.0,2,18.9,2.0,3,0.149,1.0,A
SKU-1944,standard,1105.59,3481,3848558.79,3.0,2,18.9,1.8,3,0.318,1.0,A
SKU-1619,standard,1096.53,3509,3847723.77,2.0,2,21.5,6.1,3,0.275,1.0,A
SKU-0478,standard,918.79,4185,3845136.15,3.0,3,16.4,3.6,3,0.204,1.0,A
SKU-2347,standard,1901.71,2020,3841454.2,2.0,2,11.1,4.1,2,0.252,0.0,A
SKU-2077,expensive_strategic,20081.89,191,3835640.99,5.0,2,38.5,3.2,3,0.145,2.0,A
SKU-2598,standard,952.18,4013,3821098.34,2.0,2,19.7,2.5,3,0.235,1.0,A
SKU-0842,standard,1589.96,2398,3812724.08,2.0,2,28.5,5.2,3,0.217,1.0,A
SKU-1618,standard,1859.41,2048,3808071.68,3.0,2,29.0,1.3,2,0.318,1.0,A
SKU-0581,standard,769.39,4942,3802325.38,3.0,2,11.5,6.8,2,0.336,1.0,A
SKU-1260,standard,1815.7,2090,3794813.0,3.0,3,28.3,6.6,3,0.322,1.0,A
SKU-2004,expensive_strategic,10860.02,348,3779286.96,5.0,2,27.5,5.2,2,0.105,0.0,A
SKU-2235,standard,1642.55,2299,3776222.45,2.0,2,27.0,3.5,2,0.234,1.0,A
SKU-0922,standard,1031.42,3660,3774997.2,2.0,3,7.5,2.5,2,0.284,0.0,A
SKU-2253,standard,1551.52,2433,3774848.16,3.0,2,20.7,5.1,2,0.326,0.0,A
SKU-3430,standard,1951.67,1932,3770626.44,3.0,3,7.9,4.9,3,0.119,1.0,A
SKU-0414,standard,829.17,4545,3768577.65,3.0,2,21.8,4.9,2,0.198,0.0,A
SKU-3257,standard,1867.09,2014,3760319.26,3.0,3,26.8,3.9,2,0.247,0.0,A
SKU-2966,standard,1953.7,1924,3758918.8,3.0,2,7.9,2.9,2,0.207,1.0,A
SKU-0608,standard,1867.85,2011,3756246.35,3.0,2,18.4,6.8,3,0.252,1.0,A
SKU-1983,standard,1459.41,2567,3746305.47,2.0,3,26.4,4.0,2,0.249,1.0,A
SKU-2754,expensive_strategic,30177.89,124,3742058.36,4.0,1,33.8,4.3,2,0.176,2.0,A
SKU-2387,standard,1678.72,2228,3740188.16,2.0,2,20.7,5.9,2,0.282,0.0,A
SKU-3221,standard,797.77,4683,3735956.91,3.0,3,13.5,6.5,3,0.307,1.0,A
SKU-3177,standard,906.54,4118,3733131.72,3.0,3,18.0,1.9,2,0.177,1.0,A
SKU-2856,standard,1417.84,2622,3717576.48,3.0,2,14.1,4.2,3,0.19,1.0,A
SKU-1171,standard,1201.35,3086,3707366.1,2.0,3,20.1,3.2,2,0.324,0.0,A
SKU-0302,standard,1200.7,3086,3705360.2,3.0,3,18.9,5.3,2,0.113,0.0,A
SKU-3247,standard,1227.34,3018,3704112.12,2.0,3,25.7,1.5,3,0.191,0.0,A
SKU-2001,expensive_strategic,33523.38,110,3687571.8,5.0,2,19.5,8.1,2,0.059,1.0,A
SKU-3244,standard,1854.22,1983,3676918.26,3.0,3,11.5,2.1,2,0.251,1.0,A
SKU-1946,standard,1705.4,2148,3663199.2,2.0,3,18.1,3.8,2,0.327,0.0,A
SKU-3460,standard,1519.23,2407,3656786.61,3.0,2,27.9,1.6,3,0.257,0.0,A
SKU-2373,standard,1321.22,2765,3653173.3,3.0,5,19.3,3.0,3,0.189,1.0,A
SKU-0787,standard,764.72,4776,3652302.72,3.0,3,18.6,5.5,2,0.269,0.0,A
SKU-0016,expensive_strategic,14841.94,246,3651117.24,5.0,2,42.1,7.2,3,0.195,1.0,A
SKU-0338,standard,1386.54,2631,3647986.74,3.0,2,7.4,1.6,3,0.214,1.0,A
SKU-0783,expensive_strategic,7703.29,473,3643656.17,4.0,2,32.8,4.0,2,0.072,0.0,A
SKU-0098,standard,1484.98,2453,3642655.94,2.0,2,7.0,5.3,2,0.239,1.0,A
SKU-1332,standard,974.81,3734,3639940.54,3.0,2,29.2,6.3,3,0.247,1.0,A
SKU-0356,standard,872.87,4167,3637249.29,3.0,2,7.2,1.1,3,0.209,0.0,A
SKU-0925,standard,1509.05,2410,3636810.5,2.0,3,16.8,2.4,3,0.196,0.0,A
SKU-0655,standard,1911.15,1902,3635007.3,2.0,3,19.8,6.1,3,0.336,0.0,A
SKU-3023,standard,1317.89,2756,3632104.84,3.0,2,13.8,6.6,2,0.127,1.0,A
SKU-2649,standard,834.27,4350,3629074.5,2.0,3,8.3,6.5,3,0.239,0.0,A
SKU-1950,standard,1521.72,2374,3612563.28,3.0,2,12.6,5.3,2,0.323,1.0,A
SKU-2165,standard,842.98,4277,3605425.46,3.0,3,14.9,6.9,3,0.113,1.0,A
SKU-1060,standard,1133.98,3171,3595850.58,2.0,3,28.6,4.6,2,0.318,0.0,A
SKU-1267,standard,1048.5,3420,3585870.0,3.0,2,85.0,6.4,3,0.304,0.0,A
SKU-2947,standard,794.02,4513,3583412.26,3.0,2,23.4,5.0,2,0.271,1.0,A
SKU-2281,expensive_strategic,28880.97,124,3581240.28,4.0,2,35.1,4.9,2,0.166,0.0,A
SKU-0628,standard,775.97,4612,3578773.64,3.0,3,21.7,1.7,2,0.18,1.0,A
SKU-2038,expensive_strategic,11153.98,320,3569273.6,4.0,2,32.7,5.4,2,0.184,2.0,A
SKU-1609,expensive_strategic,12048.54,296,3566367.84,4.0,1,22.4,3.7,2,0.163,2.0,A
SKU-1250,standard,1388.31,2565,3561015.15,3.0,2,29.4,5.2,3,0.267,1.0,A
SKU-3041,expensive_strategic,46677.84,76,3547515.84,4.0,1,39.9,4.6,2,0.111,0.0,A
SKU-1911,expensive_strategic,7532.15,470,3540110.5,4.0,2,20.9,6.8,3,0.099,2.0,A
SKU-0308,expensive_strategic,9644.75,367,3539623.25,4.0,2,41.3,6.7,2,0.09,0.0,A
SKU-3352,standard,1610.47,2196,3536592.12,3.0,2,27.6,2.2,3,0.298,1.0,A
SKU-0171,standard,1371.78,2578,3536448.84,3.0,2,9.8,2.9,2,0.144,0.0,A
SKU-2841,standard,1173.6,3003,3524320.8,2.0,2,26.2,1.1,2,0.144,0.0,A
SKU-1098,expensive_strategic,15116.58,233,3522163.14,4.0,2,35.9,6.0,3,0.183,1.0,A
SKU-2808,expensive_strategic,7836.17,449,3518440.33,5.0,1,30.5,8.0,2,0.19,1.0,A
SKU-2971,standard,911.89,3857,3517159.73,2.0,3,25.7,5.0,2,0.117,1.0,A
SKU-2246,standard,999.88,3510,3509578.8,3.0,3,18.9,5.4,2,0.262,1.0,A
SKU-0863,standard,725.89,4831,3506774.59,2.0,2,12.7,5.7,3,0.123,0.0,A
SKU-1212,standard,739.68,4722,3492768.96,3.0,3,19.8,5.1,3,0.124,1.0,A
SKU-2424,standard,1234.21,2821,3481706.41,2.0,2,26.7,4.9,3,0.224,0.0,A
SKU-2491,expensive_strategic,20598.79,169,3481195.51,4.0,2,30.5,8.4,3,0.067,0.0,A
SKU-2729,expensive_strategic,8215.3,423,3475071.9,4.0,2,31.9,3.9,3,0.181,1.0,A
SKU-3248,standard,942.65,3681,3469894.65,3.0,3,7.5,1.2,3,0.126,1.0,A
SKU-0887,standard,1578.17,2198,3468817.66,3.0,3,23.0,3.5,3,0.114,0.0,A
SKU-1573,standard,1202.42,2875,3456957.5,2.0,2,19.1,5.6,2,0.284,0.0,A
SKU-1527,expensive_strategic,11657.96,296,3450756.16,4.0,1,22.4,5.2,2,0.134,0.0,A
SKU-2515,standard,1265.76,2725,3449196.0,2.0,2,21.8,3.4,2,0.168,1.0,A
SKU-0494,expensive_strategic,49964.33,69,3447538.77,4.0,1,32.9,7.2,2,0.093,0.0,A
SKU-2623,standard,1232.09,2796,3444923.64,3.0,3,14.0,6.6,3,0.206,1.0,A
SKU-1007,standard,895.05,3847,3443257.35,3.0,3,17.6,1.1,2,0.228,1.0,A
SKU-2968,standard,1621.31,2121,3438798.51,2.0,3,28.5,4.7,3,0.336,1.0,A
SKU-2267,standard,1028.31,3339,3433527.09,3.0,3,15.6,5.3,3,0.137,0.0,A
SKU-2320,standard,1200.79,2855,3428255.45,3.0,3,23.8,2.8,3,0.159,1.0,A
SKU-0801,standard,1018.86,3364,3427445.04,2.0,2,18.3,3.0,2,0.348,1.0,A
SKU-1090,expensive_strategic,13794.02,248,3420916.96,4.0,2,43.5,5.3,3,0.126,1.0,A
SKU-3136,standard,956.05,3566,3409274.3,3.0,2,19.8,3.1,2,0.202,0.0,A
SKU-2171,standard,1634.27,2086,3409087.22,2.0,2,9.7,2.0,3,0.179,1.0,A
SKU-1770,standard,1922.47,1759,3381624.73,3.0,3,11.5,6.4,3,0.307,0.0,A
SKU-3013,expensive_strategic,17040.08,198,3373935.84,5.0,1,36.8,5.7,3,0.061,1.0,A
SKU-1088,expensive_strategic,21599.56,156,3369531.36,4.0,2,30.5,7.6,3,0.149,2.0,A
SKU-2849,standard,1645.5,2044,3363402.0,2.0,2,29.4,1.1,2,0.342,0.0,A
SKU-1370,expensive_strategic,41513.34,81,3362580.54,4.0,2,32.8,5.4,2,0.065,2.0,A
SKU-1562,expensive_strategic,25859.85,130,3361780.5,4.0,2,44.4,9.9,3,0.074,2.0,A
SKU-1792,standard,957.41,3509,3359551.69,2.0,2,10.4,3.8,3,0.27,0.0,A
SKU-0502,standard,1570.59,2136,3354780.24,2.0,3,25.6,4.1,2,0.159,1.0,A
SKU-2894,standard,1030.93,3251,3351553.43,2.0,2,22.3,3.1,3,0.318,1.0,A
SKU-0475,standard,1653.8,2022,3343983.6,2.0,2,19.1,4.8,3,0.214,0.0,A
SKU-3102,standard,691.35,4836,3343368.6,2.0,2,13.3,2.3,2,0.236,0.0,A
SKU-0462,standard,1162.36,2874,3340622.64,3.0,3,24.1,5.5,2,0.23,1.0,A
SKU-2294,standard,982.24,3398,3337651.52,2.0,3,14.6,2.6,3,0.286,1.0,A
SKU-1036,standard,816.2,4077,3327647.4,3.0,5,24.1,4.6,2,0.339,1.0,A
SKU-0075,standard,735.36,4523,3326033.28,2.0,3,19.7,2.3,2,0.301,0.0,A
SKU-0025,standard,1147.2,2896,3322291.2,3.0,2,10.7,1.1,3,0.154,1.0,A
SKU-0298,expensive_strategic,13228.9,250,3307225.0,4.0,1,36.0,3.1,3,0.084,2.0,A
SKU-3018,standard,1997.95,1649,3294619.55,2.0,3,8.2,4.2,3,0.283,1.0,A
SKU-3148,standard,759.39,4333,3290436.87,2.0,2,20.3,6.0,2,0.175,0.0,A
SKU-1471,standard,829.8,3960,3286008.0,2.0,2,9.3,1.9,2,0.2,0.0,A
SKU-1530,standard,1599.96,2053,3284717.88,3.0,3,7.9,6.4,2,0.204,0.0,A
SKU-3122,expensive_strategic,8965.33,366,3281310.78,5.0,2,32.1,8.0,3,0.16,1.0,A
SKU-1269,standard,1007.97,3244,3269854.68,3.0,3,16.5,6.1,2,0.151,1.0,A
SKU-1856,expensive_strategic,20050.08,163,3268163.04,4.0,1,41.4,6.8,2,0.08,2.0,A
SKU-1932,standard,1346.66,2426,3266997.16,3.0,3,15.9,1.0,2,0.259,0.0,A
SKU-2742,expensive_strategic,26475.79,123,3256522.17,4.0,1,36.4,9.4,2,0.184,0.0,A
SKU-0086,expensive_strategic,10667.98,305,3253733.9,5.0,1,43.9,3.9,2,0.151,0.0,A
SKU-3269,standard,1466.06,2213,3244390.78,2.0,3,11.2,1.9,3,0.106,0.0,A
SKU-1848,expensive_strategic,26371.78,123,3243728.94,4.0,1,22.7,8.3,2,0.192,2.0,A
SKU-3417,expensive_strategic,9239.05,351,3242906.55,5.0,2,44.2,5.8,2,0.147,2.0,A
SKU-2608,expensive_strategic,32733.35,99,3240601.65,5.0,1,44.8,5.6,2,0.068,0.0,A
SKU-0491,standard,939.62,3447,3238870.14,2.0,3,9.6,4.4,2,0.313,1.0,A
SKU-2651,expensive_strategic,24714.53,131,3237603.43,4.0,1,36.2,3.1,2,0.137,0.0,A
SKU-3141,standard,1877.35,1724,3236551.4,3.0,3,16.9,1.9,3,0.125,0.0,A
SKU-1992,expensive_strategic,44289.62,73,3233142.26,4.0,1,40.5,3.4,2,0.127,0.0,A
SKU-3072,standard,1092.92,2951,3225206.92,2.0,2,29.4,2.1,2,0.268,0.0,A
SKU-1978,standard,1148.19,2798,3212635.62,2.0,3,11.6,4.1,3,0.217,0.0,A
SKU-0082,standard,1745.59,1830,3194429.7,2.0,3,21.2,3.5,3,0.255,1.0,A
SKU-0609,standard,741.67,4307,3194372.69,2.0,3,25.0,2.9,3,0.226,0.0,A
SKU-1032,standard,1201.93,2655,3191124.15,3.0,3,7.9,1.9,2,0.163,1.0,A
SKU-1671,standard,1242.71,2567,3190036.57,3.0,3,10.4,6.9,2,0.166,0.0,A
SKU-1138,standard,1617.67,1971,3188427.57,2.0,3,20.2,5.2,2,0.131,0.0,A
SKU-2832,standard,1769.38,1798,3181345.24,3.0,3,28.6,4.3,3,0.279,1.0,A
SKU-3208,standard,1133.34,2807,3181285.38,2.0,2,16.5,5.3,2,0.341,1.0,A
SKU-2276,standard,1053.91,3018,3180700.38,2.0,2,10.1,2.9,2,0.312,0.0,A
SKU-2584,standard,659.54,4816,3176344.64,2.0,3,29.5,3.6,2,0.304,1.0,A
SKU-3047,standard,1135.22,2796,3174075.12,2.0,3,8.4,6.8,3,0.284,1.0,A
SKU-2046,standard,1867.58,1699,3173018.42,2.0,3,18.8,1.5,2,0.106,1.0,A
SKU-0485,standard,678.59,4671,3169693.89,2.0,2,15.7,2.8,3,0.313,0.0,A
SKU-1561,standard,1082.21,2928,3168710.88,2.0,3,16.1,4.7,3,0.126,1.0,A
SKU-0259,standard,719.82,4400,3167208.0,3.0,3,18.3,1.8,3,0.286,1.0,A
SKU-1116,standard,1325.19,2388,3164553.72,3.0,3,26.7,1.6,3,0.311,1.0,A
SKU-3442,standard,1711.34,1843,3153999.62,3.0,3,22.5,6.1,2,0.176,1.0,A
SKU-2991,expensive_strategic,18176.27,173,3144494.71,4.0,1,31.3,5.0,3,0.069,1.0,A
SKU-2810,standard,978.79,3212,3143873.48,2.0,2,19.9,2.0,2,0.341,1.0,A
SKU-1838,expensive_strategic,25131.58,125,3141447.5,5.0,1,31.3,3.2,3,0.119,1.0,A
SKU-3321,standard,1197.64,2621,3139014.44,2.0,3,18.9,1.3,3,0.113,1.0,A
SKU-0290,standard,699.7,4473,3129758.1,3.0,3,24.6,4.1,3,0.211,1.0,A
SKU-0733,standard,1153.53,2711,3127219.83,2.0,3,29.3,5.5,2,0.283,1.0,A
SKU-2925,standard,1239.71,2521,3125308.91,3.0,3,18.8,6.2,2,0.335,1.0,A
SKU-2698,expensive_strategic,12020.62,259,3113340.58,4.0,2,37.5,3.6,3,0.179,0.0,A
SKU-3332,standard,1647.23,1883,3101734.09,2.0,2,14.1,5.5,3,0.261,0.0,A
SKU-2489,standard,750.88,4120,3093625.6,2.0,3,11.4,6.1,2,0.325,1.0,A
SKU-3487,standard,835.7,3698,3090418.6,2.0,2,21.0,6.1,3,0.155,1.0,A
SKU-3124,standard,1704.52,1810,3085181.2,3.0,3,23.9,3.8,3,0.34,1.0,A
SKU-0554,standard,646.67,4763,3080089.21,3.0,3,16.5,4.8,2,0.21,1.0,A
SKU-2576,standard,660.32,4659,3076430.88,2.0,2,22.7,3.0,2,0.134,1.0,A
SKU-2676,expensive_strategic,24696.93,124,3062419.32,5.0,1,38.0,9.2,3,0.08,0.0,A
SKU-3340,standard,726.14,4207,3054870.98,2.0,3,17.9,2.9,3,0.107,1.0,A
SKU-3200,standard,1692.26,1805,3054529.3,2.0,2,18.8,4.2,2,0.166,0.0,A
SKU-0046,standard,1585.9,1919,3043342.1,2.0,3,8.2,1.3,3,0.231,1.0,A
SKU-1495,standard,1146.88,2648,3036938.24,3.0,3,8.1,1.0,2,0.17,1.0,A
SKU-1840,expensive_strategic,18729.91,162,3034245.42,5.0,2,40.9,3.0,3,0.051,2.0,A
SKU-1746,standard,1202.33,2521,3031073.93,3.0,3,24.3,5.2,2,0.135,0.0,A
SKU-2297,expensive_strategic,41499.88,73,3029491.24,4.0,1,21.1,4.0,3,0.088,2.0,A
SKU-1487,standard,1390.88,2177,3027945.76,3.0,2,19.8,2.8,2,0.208,1.0,A
SKU-2897,standard,1520.88,1989,3025030.32,2.0,3,28.4,3.4,2,0.135,0.0,A
SKU-2827,standard,1791.27,1688,3023663.76,2.0,3,13.3,5.8,3,0.169,0.0,A
SKU-0213,standard,684.59,4412,3020411.08,3.0,3,18.9,5.3,2,0.237,0.0,A
SKU-1788,standard,742.6,4065,3018669.0,3.0,2,13.3,1.0,3,0.347,0.0,A
SKU-3220,standard,626.28,4806,3009901.68,2.0,2,18.6,2.6,3,0.188,0.0,A
SKU-1758,standard,894.69,3362,3007947.78,3.0,3,12.2,1.2,2,0.335,0.0,A
SKU-0642,expensive_strategic,30374.02,99,3007027.98,4.0,1,35.0,3.6,3,0.151,1.0,A
SKU-3253,standard,1074.06,2799,3006293.94,2.0,2,16.9,5.5,3,0.211,0.0,A
SKU-0664,expensive_strategic,29733.0,101,3003033.0,4.0,1,29.8,8.1,2,0.109,2.0,A
SKU-2967,standard,714.4,4194,2996193.6,3.0,2,14.8,2.1,3,0.198,1.0,A
SKU-3411,standard,1933.96,1548,2993770.08,3.0,2,16.5,5.4,1,0.109,0.0,A
SKU-1183,standard,1408.82,2123,2990924.86,3.0,2,10.8,4.4,3,0.139,1.0,A
SKU-0215,standard,806.96,3704,2988979.84,2.0,2,7.1,4.0,3,0.249,0.0,A
SKU-2059,standard,1424.82,2096,2986422.72,3.0,2,8.2,6.0,3,0.34,1.0,A
SKU-1919,standard,1045.72,2855,2985530.6,3.0,3,7.9,4.6,3,0.279,1.0,A
SKU-0753,standard,1335.18,2236,2985462.48,2.0,2,16.0,3.9,3,0.332,0.0,A
SKU-0584,expensive_strategic,12579.82,237,2981417.34,4.0,2,20.3,8.0,2,0.181,0.0,A
SKU-2770,standard,628.53,4741,2979860.73,2.0,2,22.0,4.7,3,0.326,0.0,A
SKU-1331,standard,1391.38,2141,2978944.58,3.0,3,15.6,3.8,2,0.205,0.0,A
SKU-0974,expensive_strategic,24806.68,120,2976801.6,5.0,2,30.9,5.5,3,0.075,2.0,A
SKU-3045,standard,1296.35,2293,2972530.55,3.0,3,29.8,4.6,3,0.288,0.0,A
SKU-0004,standard,610.27,4859,2965301.93,2.0,2,18.9,6.9,2,0.342,1.0,A
SKU-0374,standard,649.39,4562,2962517.18,2.0,5,20.1,3.3,2,0.244,1.0,A
SKU-0663,standard,1132.83,2615,2962350.45,3.0,3,21.9,1.3,3,0.287,1.0,A
SKU-2931,standard,912.63,3245,2961484.35,3.0,3,13.5,4.7,3,0.176,0.0,A
SKU-2869,expensive_strategic,49230.74,60,2953844.4,5.0,2,25.7,5.1,3,0.168,2.0,A
SKU-1113,expensive_strategic,6740.82,438,2952479.16,5.0,2,40.4,6.3,3,0.143,0.0,A
SKU-1817,expensive_strategic,40890.45,72,2944112.4,4.0,1,44.5,9.0,2,0.148,0.0,A
SKU-0747,standard,734.25,3995,2933328.75,2.0,2,13.2,2.2,2,0.236,1.0,A
SKU-2127,standard,800.91,3660,2931330.6,2.0,3,22.0,4.4,2,0.337,1.0,A
SKU-0449,standard,609.29,4807,2928857.03,3.0,2,194.0,1.4,2,0.337,0.0,A
SKU-2618,expensive_strategic,34393.26,85,2923427.1,4.0,1,23.9,10.0,3,0.186,2.0,A
SKU-2396,expensive_strategic,17228.74,169,2911657.06,4.0,2,38.2,5.2,3,0.073,2.0,A
SKU-2609,standard,665.09,4369,2905778.21,2.0,2,10.9,5.5,2,0.299,0.0,A
SKU-2337,standard,1354.36,2144,2903747.84,3.0,2,12.9,6.5,3,0.169,1.0,A
SKU-0304,standard,981.57,2958,2903484.06,2.0,2,17.5,2.0,2,0.127,1.0,A
SKU-0305,standard,673.42,4295,2892338.9,3.0,3,9.6,4.9,2,0.225,0.0,A
SKU-1458,standard,766.23,3769,2887920.87,2.0,3,19.2,2.6,2,0.135,1.0,A
SKU-0001,standard,644.39,4474,2883000.86,3.0,2,27.6,4.7,2,0.255,0.0,A
SKU-3474,standard,735.56,3918,2881924.08,3.0,3,18.9,5.7,2,0.226,0.0,A
SKU-2308,standard,1512.39,1905,2881102.95,3.0,3,25.8,5.6,3,0.347,1.0,A
SKU-1523,standard,1377.08,2084,2869834.72,2.0,3,11.7,5.6,3,0.19,1.0,A
SKU-1067,expensive_strategic,7096.1,402,2852632.2,5.0,1,31.3,5.7,3,0.139,1.0,A
SKU-0264,standard,783.47,3638,2850263.86,2.0,2,17.2,6.6,3,0.197,1.0,A
SKU-2815,standard,644.46,4404,2838201.84,2.0,3,18.9,3.4,2,0.143,0.0,A
SKU-1723,expensive_strategic,8119.23,349,2833611.27,5.0,1,23.7,9.5,2,0.109,2.0,A
SKU-0829,standard,1039.4172661348805,1496,1554968.23,2.0,2,21.8,5.1,3,0.219,1.0,A
SKU-3119,expensive_strategic,48755.32,58,2827808.56,5.0,1,28.2,8.9,2,0.12,1.0,A
SKU-2100,standard,1550.49,1823,2826543.27,3.0,2,8.5,1.9,2,0.128,1.0,A
SKU-2126,standard,972.35,2905,2824676.75,3.0,3,8.3,1.4,3,0.242,1.0,A
SKU-0806,standard,1071.92,2612,2799855.04,2.0,3,18.6,4.5,3,0.296,0.0,A
SKU-0960,standard,1693.15,1645,2785231.75,2.0,3,18.1,3.0,2,0.139,0.0,A
SKU-3241,standard,621.86,4475,2782823.5,3.0,3,20.2,2.7,3,0.165,1.0,A
SKU-3126,standard,670.49,4150,2782533.5,3.0,2,17.4,2.1,3,0.294,0.0,A
SKU-0511,standard,912.26,3046,2778743.96,2.0,3,14.8,6.1,2,0.22,1.0,A
SKU-2293,expensive_strategic,17331.62,160,2773059.2,4.0,2,31.5,7.9,3,0.088,1.0,A
SKU-0211,standard,1193.99,2321,2771250.79,2.0,2,15.3,1.5,2,0.12,1.0,A
SKU-1993,standard,1504.88,1841,2770484.08,3.0,3,29.4,4.6,3,0.149,0.0,A
SKU-0225,expensive_strategic,29779.72,93,2769513.96,5.0,1,43.2,6.4,3,0.165,1.0,A
SKU-2688,standard,1656.86,1671,2768613.06,3.0,3,28.0,3.9,3,0.253,1.0,A
SKU-0956,standard,856.21,3208,2746721.68,3.0,3,16.4,6.4,2,0.251,1.0,A
SKU-0239,standard,915.38,2979,2726917.02,2.0,3,26.3,2.4,2,0.164,0.0,A
SKU-2086,standard,1209.67,2254,2726596.18,3.0,3,22.0,3.5,2,0.281,0.0,A
SKU-1095,expensive_strategic,5691.48,479,2726218.92,5.0,2,24.6,8.1,3,0.073,1.0,A
SKU-1499,standard,625.88,4354,2725081.52,2.0,3,25.3,3.1,3,0.151,1.0,A
SKU-1404,standard,563.99,4824,2720687.76,2.0,3,8.2,5.9,2,0.248,0.0,A
SKU-0096,standard,1227.58,2214,2717862.12,3.0,3,22.7,6.4,2,0.239,0.0,A
SKU-2684,standard,1260.56,2156,2717767.36,2.0,3,24.9,3.2,3,0.124,0.0,A
SKU-0684,standard,862.93,3149,2717366.57,3.0,3,17.5,6.4,3,0.162,1.0,A
SKU-1526,expensive_strategic,7584.06,358,2715093.48,5.0,1,21.0,6.3,2,0.08,0.0,A
SKU-0683,expensive_strategic,9155.56,296,2710045.76,4.0,2,40.2,6.1,2,0.11,1.0,A
SKU-3096,standard,1206.0,2244,2706264.0,2.0,3,12.2,5.8,3,0.164,0.0,A
SKU-0791,expensive_strategic,12924.02,209,2701120.18,5.0,2,30.3,9.8,2,0.197,1.0,A
SKU-1406,standard,1063.76,2539,2700886.64,2.0,2,29.6,3.3,3,0.228,1.0,A
SKU-0439,standard,936.71,2882,2699598.22,3.0,2,18.9,6.8,3,0.322,1.0,A
SKU-0678,standard,592.51,4554,2698290.54,2.0,3,18.9,1.9,2,0.203,0.0,A
SKU-1794,standard,1788.89,1507,2695857.23,3.0,2,23.4,4.5,3,0.264,0.0,A
SKU-1140,standard,1523.95,1768,2694343.6,2.0,3,10.0,4.6,3,0.25,0.0,A
SKU-1476,standard,720.96,3728,2687738.88,2.0,3,18.9,6.1,1,0.235,1.0,A
SKU-2407,standard,1449.2,1854,2686816.8,3.0,5,20.4,2.0,3,0.197,1.0,A
SKU-1504,expensive_strategic,23930.7,112,2680238.4,5.0,1,31.3,6.7,2,0.092,2.0,A
SKU-1280,standard,988.95,2704,2674120.8,3.0,2,10.5,1.6,2,0.127,0.0,A
SKU-2306,standard,1230.18,2167,2665800.06,2.0,3,20.1,2.9,2,0.307,0.0,A
SKU-1710,standard,1016.21,2623,2665518.83,3.0,5,21.5,5.8,2,0.213,0.0,A
SKU-1767,standard,874.33,3044,2661460.52,2.0,3,16.2,5.8,2,0.144,0.0,A
SKU-1333,expensive_strategic,8070.7,329,2655260.3,5.0,1,18.4,9.4,2,0.057,0.0,A
SKU-3182,expensive_strategic,32778.22,81,2655035.82,4.0,2,24.4,8.9,3,0.125,2.0,A
SKU-0962,standard,736.68,3604,2654994.72,2.0,3,24.7,2.2,2,0.166,1.0,B
SKU-2266,standard,1141.61,2325,2654243.25,3.0,2,22.4,2.4,2,0.215,1.0,B
SKU-1236,standard,949.14,2796,2653795.44,3.0,2,24.8,6.6,2,0.111,0.0,B
SKU-0969,standard,601.53,4403,2648536.59,2.0,3,7.7,3.6,3,0.236,0.0,B
SKU-0230,standard,1438.24,1841,2647799.84,3.0,2,17.0,6.7,3,0.274,1.0,B
SKU-0055,standard,774.31,3412,2641945.72,3.0,3,19.4,2.7,2,0.199,1.0,B
SKU-0222,standard,822.92,3210,2641573.2,3.0,3,23.4,6.7,3,0.301,0.0,B
SKU-1957,standard,1762.05,1494,2632502.7,2.0,3,12.5,3.1,3,0.121,1.0,B
SKU-1233,expensive_strategic,5952.37,442,2630947.54,4.0,1,37.4,9.9,3,0.056,1.0,B
SKU-2646,standard,852.54,3086,2630938.44,2.0,2,22.9,2.9,3,0.345,0.0,B
SKU-3279,expensive_strategic,27384.48,96,2628910.08,4.0,1,28.6,8.4,2,0.192,2.0,B
SKU-3195,standard,912.21,2876,2623515.96,3.0,3,22.6,6.9,2,0.185,1.0,B
SKU-1877,standard,721.07,3633,2619647.31,3.0,2,10.1,2.5,3,0.193,1.0,B
SKU-3170,standard,795.4,3293,2619252.2,3.0,3,18.9,3.9,2,0.26,0.0,B
SKU-3065,standard,1096.73,2371,2600346.83,2.0,3,14.8,4.5,2,0.337,0.0,B
SKU-0951,standard,1076.66,2413,2597980.58,3.0,2,28.5,3.0,2,0.333,1.0,B
SKU-1174,expensive_strategic,10119.31,256,2590543.36,4.0,1,28.1,3.3,3,0.173,1.0,B
SKU-2317,expensive_strategic,47925.61,54,2587982.94,4.0,1,25.8,3.1,2,0.166,0.0,B
SKU-0917,expensive_strategic,14290.04,181,2586497.24,5.0,2,25.1,8.0,1,0.088,2.0,B
SKU-1413,expensive_strategic,20041.09,129,2585300.61,4.0,1,38.4,4.0,3,0.167,0.0,B
SKU-1892,standard,570.01,4534,2584425.34,3.0,2,16.9,6.2,3,0.237,1.0,B
SKU-1153,standard,688.87,3750,2583262.5,3.0,3,15.4,5.7,3,0.335,0.0,B
SKU-2934,standard,1615.15,1599,2582624.85,3.0,3,14.3,6.3,1,0.192,0.0,B
SKU-0353,standard,841.56,3057,2572648.92,3.0,2,23.4,2.5,3,0.204,0.0,B
SKU-2073,expensive_strategic,30573.73,84,2568193.32,4.0,1,42.1,5.8,3,0.142,2.0,B
SKU-0886,expensive_strategic,41406.47,62,2567201.14,5.0,2,32.4,8.5,3,0.179,0.0,B
SKU-1691,expensive_strategic,31295.81,82,2566256.42,5.0,2,42.4,6.5,3,0.088,2.0,B
SKU-3372,standard,573.63,4469,2563552.47,3.0,3,24.6,3.4,3,0.135,1.0,B
SKU-0197,standard,1704.2,1501,2558004.2,2.0,3,13.5,3.0,3,0.327,0.0,B
SKU-1557,standard,839.07,3046,2555807.22,3.0,2,13.2,2.7,3,0.168,1.0,B
SKU-1497,standard,1696.69,1505,2553518.45,3.0,3,7.9,1.8,3,0.118,0.0,B
SKU-2599,expensive_strategic,9352.39,273,2553202.47,5.0,1,29.5,6.6,3,0.12,1.0,B
SKU-2346,standard,955.41,2671,2551900.11,2.0,2,8.1,5.5,2,0.331,0.0,B
SKU-1566,standard,1475.21,1729,2550638.09,3.0,2,21.2,3.8,3,0.242,0.0,B
SKU-3404,expensive_strategic,5410.87,471,2548519.77,4.0,1,40.7,8.6,2,0.072,2.0,B
SKU-1072,expensive_strategic,7551.71,337,2544926.27,4.0,2,21.3,7.6,2,0.099,1.0,B
SKU-1851,expensive_strategic,22287.21,114,2540741.94,4.0,2,35.0,4.9,2,0.183,2.0,B
SKU-0757,standard,1363.73,1858,2533810.34,2.0,3,7.0,4.6,3,0.342,0.0,B
SKU-0111,expensive_strategic,46010.26,55,2530564.3,4.0,2,42.7,9.8,2,0.155,0.0,B
SKU-0510,standard,1111.48,2270,2523059.6,2.0,2,14.2,2.8,2,0.339,0.0,B
SKU-0832,standard,1046.45,2408,2519851.6,3.0,3,15.4,1.5,2,0.329,1.0,B
SKU-1881,standard,1020.41,2467,2517351.47,3.0,2,19.8,5.7,3,0.148,0.0,B
SKU-0864,standard,845.8,2964,2506951.2,3.0,3,27.7,6.6,3,0.23,1.0,B
SKU-0566,standard,798.92,3133,2503016.36,2.0,3,22.2,3.6,3,0.295,1.0,B
SKU-1066,standard,1730.75,1446,2502664.5,3.0,3,9.7,6.7,3,0.335,1.0,B
SKU-2594,standard,994.63,2515,2501494.45,3.0,2,13.3,4.1,2,0.312,1.0,B
SKU-2035,standard,1603.06,1559,2499170.54,3.0,3,11.9,4.8,2,0.102,1.0,B
SKU-1987,standard,1093.14,2281,2493452.34,2.0,3,27.7,5.3,3,0.27,0.0,B
SKU-0037,expensive_strategic,5309.51,469,2490160.19,4.0,1,22.5,8.0,2,0.183,2.0,B
SKU-1096,expensive_strategic,6377.25,390,2487127.5,5.0,1,25.2,8.0,3,0.19,0.0,B
SKU-3187,standard,895.11,2778,2486615.58,2.0,3,23.3,6.3,2,0.103,0.0,B
SKU-2371,standard,977.5,2538,2480895.0,2.0,3,14.8,6.2,2,0.299,1.0,B
SKU-2575,expensive_strategic,37579.4,66,2480240.4,5.0,2,19.0,4.0,3,0.072,1.0,B
SKU-2243,standard,741.26,3341,2476549.66,2.0,3,21.9,6.7,2,0.139,0.0,B
SKU-2130,standard,1591.69,1555,2475077.95,2.0,2,17.5,6.9,2,0.211,0.0,B
SKU-3492,standard,1903.72,1298,2471028.56,2.0,3,23.8,1.3,2,0.269,0.0,B
SKU-2415,standard,1165.3,2120,2470436.0,3.0,3,16.3,2.5,3,0.232,1.0,B
SKU-3273,standard,1828.75,1350,2468812.5,2.0,2,18.3,6.7,3,0.204,1.0,B
SKU-1797,standard,1026.92,2402,2466661.84,2.0,2,10.5,6.1,3,0.263,1.0,B
SKU-1830,expensive_strategic,37286.31,66,2460896.46,5.0,2,25.6,9.1,2,0.131,2.0,B
SKU-0017,expensive_strategic,11435.05,215,2458535.75,5.0,1,43.2,9.3,3,0.134,0.0,B
SKU-3486,standard,665.48,3686,2452959.28,3.0,2,11.5,2.7,3,0.12,0.0,B
SKU-2641,expensive_strategic,25488.49,96,2446895.04,5.0,1,25.4,7.1,2,0.114,1.0,B
SKU-0383,standard,547.8,4464,2445379.2,3.0,3,25.5,3.3,3,0.248,0.0,B
SKU-1334,consumable,49.3,49465,2438624.5,2.0,3,4.7,0.7,5,0.504,0.0,B
SKU-0594,expensive_strategic,8865.97,275,2438141.75,5.0,2,28.3,4.3,3,0.112,2.0,B
SKU-3313,standard,870.12,2802,2438076.24,2.0,3,18.9,1.1,3,0.324,0.0,B
SKU-0324,expensive_strategic,5787.42,421,2436503.82,5.0,2,21.1,10.0,2,0.102,2.0,B
SKU-0258,standard,554.13,4396,2435955.48,2.0,2,27.0,2.1,2,0.236,0.0,B
SKU-3242,standard,736.01,3309,2435457.09,2.0,2,10.8,5.9,2,0.33,0.0,B
SKU-0269,standard,751.75,3239,2434918.25,3.0,2,11.1,6.3,3,0.164,0.0,B
SKU-1378,standard,688.57,3517,2421700.69,2.0,2,18.0,4.6,2,0.285,1.0,B
SKU-0212,standard,493.41,4904,2419682.64,2.0,3,27.9,1.0,2,0.161,1.0,B
SKU-3188,standard,697.59,3468,2419242.12,3.0,2,9.1,2.8,2,0.245,1.0,B
SKU-1933,standard,523.12,4609,2411060.08,3.0,2,15.5,3.5,2,0.315,1.0,B
SKU-3005,standard,1326.08,1815,2406835.2,3.0,3,10.9,5.9,2,0.314,0.0,B
SKU-0010,standard,791.24,3037,2402995.88,2.0,2,20.2,5.0,3,0.266,1.0,B
SKU-2190,standard,1868.4,1286,2402762.4,3.0,3,22.3,6.9,2,0.234,1.0,B
SKU-0545,standard,623.32,3853,2401651.96,3.0,3,11.6,6.8,3,0.148,0.0,B
SKU-3173,expensive_strategic,43662.6,55,2401443.0,5.0,2,35.2,4.8,3,0.115,2.0,B
SKU-1862,standard,1545.23,1553,2399742.19,3.0,2,12.7,5.1,2,0.241,0.0,B
SKU-0867,expensive_strategic,42847.02,56,2399433.12,5.0,2,29.8,9.4,3,0.078,0.0,B
SKU-2448,expensive_strategic,28032.68,85,2382777.8,5.0,2,15.1,5.8,2,0.115,0.0,B
SKU-1275,standard,803.11,2946,2365962.06,2.0,3,19.6,5.3,3,0.271,0.0,B
SKU-2738,standard,1840.31,1279,2353756.49,2.0,2,29.6,6.1,2,0.254,0.0,B
SKU-2362,standard,828.38,2840,2352599.2,3.0,2,22.7,4.4,3,0.345,1.0,B
SKU-2002,expensive_strategic,24762.52,95,2352439.4,4.0,1,21.5,6.7,3,0.152,0.0,B
SKU-3472,consumable,48.59,48232,2343592.88,1.0,4,7.1,1.0,4,0.601,0.0,B
SKU-1399,standard,687.66,3398,2336668.68,3.0,2,23.5,4.7,2,0.305,1.0,B
SKU-1255,standard,468.46,4987,2336210.02,3.0,2,18.9,4.4,2,0.293,1.0,B
SKU-1391,expensive_strategic,9158.95,255,2335532.25,4.0,1,17.2,8.2,2,0.063,0.0,B
SKU-2097,standard,519.9,4489,2333831.1,2.0,2,24.8,4.7,3,0.147,0.0,B
SKU-0137,standard,1412.38,1650,2330427.0,2.0,3,28.3,1.5,3,0.119,1.0,B
SKU-1256,standard,688.15,3383,2328011.45,3.0,3,20.5,6.5,2,0.304,0.0,B
SKU-0938,consumable,47.14,49365,2327066.1,2.0,3,3.1,0.8,3,0.429,0.0,B
SKU-0852,standard,476.91,4876,2325413.16,3.0,3,10.9,4.8,3,0.189,0.0,B
SKU-3317,standard,691.2,3364,2325196.8,3.0,3,17.1,5.1,3,0.273,1.0,B
SKU-2780,expensive_strategic,9055.78,256,2318279.68,4.0,1,23.4,8.0,2,0.104,0.0,B
SKU-1483,standard,1011.3,2292,2317899.6,3.0,3,22.7,2.7,2,0.243,0.0,B
SKU-3036,expensive_strategic,25749.64,90,2317467.6,4.0,1,41.4,6.1,3,0.061,2.0,B
SKU-3463,standard,743.62,3116,2317119.92,2.0,3,9.6,4.1,3,0.187,1.0,B
SKU-2908,expensive_strategic,27702.033854166668,132,3656668.47,4.0,2,28.5,5.8,2,0.053,1.0,B
SKU-0914,standard,1437.49,1605,2307171.45,3.0,2,18.9,1.6,3,0.227,1.0,B
SKU-2899,standard,472.44,4871,2301255.24,3.0,3,19.6,6.4,3,0.11,1.0,B
SKU-2200,standard,1811.51,1263,2287937.13,3.0,3,21.0,3.3,2,0.221,0.0,B
SKU-3105,expensive_strategic,37459.78,61,2285046.58,4.0,2,34.5,7.1,3,0.076,0.0,B
SKU-3210,standard,1373.94,1663,2284862.22,3.0,3,11.7,6.0,2,0.235,0.0,B
SKU-1844,standard,501.01,4557,2283102.57,2.0,3,20.5,4.3,2,0.158,0.0,B
SKU-1760,standard,570.19,4004,2283040.76,2.0,3,22.7,2.9,3,0.212,1.0,B
SKU-3476,consumable,45.7,49924,2281526.8,2.0,4,6.4,0.8,3,0.685,0.0,B
SKU-1582,standard,488.11,4674,2281426.14,3.0,3,24.1,5.6,2,0.149,1.0,B
SKU-0741,standard,1197.56,1903,2278956.68,2.0,2,26.7,6.7,2,0.179,0.0,B
SKU-0326,standard,1796.92,1265,2273103.8,3.0,2,9.9,1.8,2,0.29,0.0,B
SKU-2779,standard,1704.75,1332,2270727.0,2.0,3,9.3,6.7,2,0.173,1.0,B
SKU-2185,standard,796.76,2839,2262001.64,2.0,2,19.4,2.1,2,0.145,1.0,B
SKU-3434,standard,803.4,2814,2260767.6,3.0,3,19.6,2.7,2,0.276,0.0,B
SKU-0296,standard,1955.27,1154,2256381.58,2.0,2,17.2,2.8,3,0.179,0.0,B
SKU-1385,standard,1207.45,1865,2251894.25,3.0,2,13.8,5.6,2,0.142,1.0,B
SKU-1769,standard,497.82,4518,2249150.76,3.0,3,16.4,6.2,3,0.201,0.0,B
SKU-2374,standard,960.46,2336,2243634.56,3.0,2,24.3,6.8,3,0.155,1.0,B
SKU-0005,expensive_strategic,5391.78,416,2242980.48,5.0,1,24.8,5.1,3,0.053,1.0,B
SKU-0758,standard,452.5,4946,2238065.0,3.0,2,22.8,2.9,3,0.203,0.0,B
SKU-3183,expensive_strategic,10304.73,217,2236126.41,4.0,1,32.1,6.4,2,0.106,0.0,B
SKU-1990,standard,610.86,3654,2232082.44,2.0,2,26.3,5.4,3,0.223,1.0,B
SKU-1493,expensive_strategic,8576.22,260,2229817.2,5.0,1,24.3,7.3,3,0.155,0.0,B
SKU-2410,standard,1745.62,1274,2223919.88,2.0,3,14.7,5.6,2,0.254,1.0,B
SKU-1165,expensive_strategic,18225.05,122,2223456.1,4.0,2,35.0,6.0,2,0.093,0.0,B
SKU-2146,consumable,49.49,44790,2216657.1,1.0,5,6.3,0.9,5,0.687,0.0,B
SKU-3400,standard,468.8,4728,2216486.4,3.0,2,9.4,2.5,3,0.134,0.0,B
SKU-1461,standard,1601.54,1380,2210125.2,3.0,3,24.4,3.5,2,0.34,1.0,B
SKU-1662,standard,1039.4172661348805,2016,2095465.21,2.0,3,27.9,6.8,3,0.333,0.0,B
SKU-2998,expensive_strategic,48732.02,45,2192940.9,4.0,1,23.0,4.9,2,0.053,1.0,B
SKU-2301,consumable,45.9,47728,2190715.2,2.0,4,8.0,1.9,3,0.798,0.0,B
SKU-2789,consumable,46.11,47390,2185152.9,1.0,5,5.5,1.6,5,0.744,0.0,B
SKU-2442,standard,495.11,4413,2184920.43,2.0,3,13.7,3.0,2,0.274,1.0,B
SKU-1927,standard,809.28,2684,2172107.52,2.0,3,27.1,6.0,3,0.284,0.0,B
SKU-0759,consumable,46.24,46971,2171939.04,1.0,3,3.3,1.2,5,0.378,0.0,B
SKU-1207,standard,1595.22,1361,2171094.42,2.0,5,29.2,3.9,3,0.168,1.0,B
SKU-3371,expensive_strategic,40957.35,53,2170739.55,5.0,2,33.0,3.2,2,0.088,2.0,B
SKU-1199,standard,662.89,3258,2159695.62,2.0,3,29.1,4.8,3,0.308,0.0,B
SKU-1144,standard,1140.84,1893,2159610.12,2.0,2,8.4,1.9,2,0.195,0.0,B
SKU-3301,standard,1653.16,1304,2155720.64,3.0,2,25.4,6.2,2,0.244,1.0,B
SKU-2851,standard,496.33,4343,2155561.19,3.0,2,18.4,3.5,2,0.116,1.0,B
SKU-2986,consumable,45.18,47699,2155040.82,1.0,4,6.7,1.5,3,0.509,0.0,B
SKU-1386,expensive_strategic,37797.0,57,2154429.0,4.0,1,41.6,4.8,2,0.188,2.0,B
SKU-1364,standard,695.47,3092,2150393.24,3.0,2,11.4,4.2,2,0.164,1.0,B
SKU-1657,standard,508.26,4224,2146890.24,2.0,2,8.1,4.3,3,0.198,1.0,B
SKU-1764,standard,1090.53,1968,2146163.04,2.0,3,9.0,1.9,3,0.154,0.0,B
SKU-1464,standard,1660.93,1288,2139277.84,2.0,3,18.9,4.0,2,0.286,0.0,B
SKU-0648,standard,536.63,3985,2138470.55,2.0,2,25.5,6.4,2,0.333,1.0,B
SKU-1087,standard,1482.05,1440,2134152.0,3.0,3,7.5,1.3,2,0.346,1.0,B
SKU-2650,standard,1277.34,1668,2130603.12,3.0,3,29.1,4.3,2,0.157,1.0,B
SKU-0358,standard,542.74,3918,2126455.32,3.0,3,11.8,2.4,3,0.117,0.0,B
SKU-2475,standard,1675.87,1267,2123327.29,2.0,2,13.2,4.8,2,0.168,0.0,B
SKU-0882,standard,753.32,2815,2120595.8,2.0,2,26.4,5.6,3,0.163,0.0,B
SKU-1692,standard,610.92,3466,2117448.72,3.0,3,21.6,5.7,3,0.177,1.0,B
SKU-1816,consumable,49.58,42704,2117264.32,2.0,5,2.5,1.9,3,0.365,0.0,B
SKU-2625,standard,1792.22,1181,2116611.82,3.0,3,22.4,2.1,3,0.106,0.0,B
SKU-3233,expensive_strategic,6026.93,351,2115452.43,4.0,1,21.8,7.5,2,0.086,1.0,B
SKU-0061,standard,1076.78,1964,2114795.92,3.0,3,11.9,6.3,2,0.168,0.0,B
SKU-2199,standard,1608.59,1314,2113687.26,3.0,2,29.5,5.2,3,0.317,1.0,B
SKU-0019,standard,574.37,3677,2111958.49,3.0,2,21.3,4.6,2,0.257,0.0,B
SKU-2115,standard,1772.72,1191,2111309.52,3.0,2,21.0,5.1,3,0.232,1.0,B
SKU-0145,expensive_strategic,23711.84,89,2110353.76,5.0,1,33.6,7.0,3,0.07,2.0,B
SKU-2712,standard,1484.85,1419,2107002.15,2.0,3,8.5,4.9,3,0.19,0.0,B
SKU-3459,standard,1024.6,2056,2106577.6,2.0,3,26.6,2.5,2,0.319,0.0,B
SKU-1807,standard,1827.44,1152,2105210.88,2.0,2,21.7,6.4,3,0.253,1.0,B
SKU-2104,standard,629.85,3342,2104958.7,2.0,3,13.4,6.2,2,0.12,1.0,B
SKU-0042,standard,1039.4172661348805,2385,2479010.18,2.0,3,7.2,6.0,2,0.295,1.0,B
SKU-1277,expensive_strategic,27995.21,75,2099640.75,5.0,1,19.7,4.0,2,0.079,0.0,B
SKU-0157,standard,1220.34,1714,2091662.76,2.0,2,11.0,4.1,3,0.245,1.0,B
SKU-0853,expensive_strategic,7833.71,267,2091600.57,5.0,1,31.3,6.5,3,0.173,0.0,B
SKU-0895,standard,642.27,3255,2090588.85,3.0,3,26.1,5.9,2,0.189,0.0,B
SKU-1535,standard,825.21,2526,2084480.46,2.0,2,24.8,2.5,2,0.104,1.0,B
SKU-2425,expensive_strategic,34702.97,60,2082178.2,4.0,2,25.1,5.5,3,0.184,0.0,B
SKU-1888,expensive_strategic,6318.22,329,2078694.38,4.0,1,20.8,3.6,2,0.128,1.0,B
SKU-3235,standard,1755.27,1181,2072973.87,2.0,2,26.8,4.9,2,0.233,0.0,B
SKU-0805,standard,673.49,3076,2071655.24,3.0,3,13.0,3.1,3,0.264,1.0,B
SKU-1125,standard,1865.32,1110,2070505.2,2.0,2,15.1,2.6,3,0.156,1.0,B
SKU-1771,standard,903.8,2290,2069702.0,3.0,2,28.1,3.8,3,0.344,0.0,B
SKU-1639,consumable,42.42,48759,2068356.78,1.0,4,5.7,0.9,5,0.328,0.0,B
SKU-3386,consumable,42.62,48445,2064725.9,1.0,3,7.9,1.9,5,0.367,0.0,B
SKU-2980,consumable,47.64,43331,2064288.84,2.0,5,9.2,0.8,3,0.789,0.0,B
SKU-3219,standard,750.78,2745,2060891.1,3.0,3,22.1,5.6,2,0.157,1.0,B
SKU-1055,consumable,42.59,48289,2056628.51,2.0,4,85.0,1.3,4,0.423,0.0,B
SKU-1532,standard,602.92,3404,2052339.68,2.0,2,9.4,3.7,2,0.239,1.0,B
SKU-1953,standard,518.02,3948,2045142.96,3.0,2,12.9,1.9,2,0.182,1.0,B
SKU-2110,consumable,49.19,41517,2042221.23,1.0,4,6.0,1.8,5,0.471,0.0,B
SKU-1218,standard,1228.36,1662,2041534.32,2.0,2,24.4,2.7,2,0.281,0.0,B
SKU-1559,consumable,47.59,42887,2040992.33,2.0,3,7.1,1.9,3,0.599,0.0,B
SKU-2249,standard,969.72,2103,2039321.16,2.0,2,15.1,6.0,3,0.194,1.0,B
SKU-2546,standard,812.61,2509,2038838.49,2.0,2,13.3,1.0,3,0.208,1.0,B
SKU-0839,standard,1906.13,1069,2037652.97,2.0,3,13.8,4.5,2,0.313,1.0,B
SKU-3477,consumable,41.74,48733,2034115.42,2.0,5,2.3,0.9,5,0.33,0.0,B
SKU-0568,standard,421.34,4811,2027066.74,2.0,2,28.0,2.6,3,0.257,0.0,B
SKU-3138,standard,1208.22,1676,2024976.72,2.0,2,9.2,4.4,2,0.1,1.0,B
SKU-1517,standard,991.13,2041,2022896.33,3.0,3,28.3,5.0,3,0.27,0.0,B
SKU-0072,expensive_strategic,28093.24,72,2022713.28,5.0,2,27.8,8.8,2,0.083,0.0,B
SKU-1939,standard,1092.35,1851,2021939.85,2.0,3,9.8,1.5,3,0.227,0.0,B
SKU-2530,consumable,46.09,43861,2021553.49,2.0,4,6.7,1.0,5,0.532,0.0,B
SKU-1765,expensive_strategic,7062.52,286,2019880.72,5.0,2,23.5,4.7,2,0.168,2.0,B
SKU-3031,expensive_strategic,5570.93,361,2011105.73,5.0,1,32.0,7.4,2,0.184,0.0,B
SKU-0976,expensive_strategic,26791.98,75,2009398.5,5.0,2,25.9,8.2,3,0.066,0.0,B
SKU-0079,standard,557.01,3606,2008578.06,2.0,3,18.9,5.9,3,0.111,0.0,B
SKU-0035,consumable,48.44,41446,2007644.24,2.0,5,4.0,1.2,4,0.752,0.0,B
SKU-0831,expensive_strategic,28641.22,70,2004885.4,4.0,1,40.6,6.9,3,0.095,0.0,B
SKU-3426,standard,1174.05,1706,2002929.3,3.0,2,23.0,5.7,3,0.169,0.0,B
SKU-0825,standard,1087.05,1842,2002346.1,3.0,2,19.8,5.0,2,0.233,1.0,B
SKU-2631,standard,673.2,2973,2001423.6,3.0,3,18.9,4.5,3,0.227,0.0,B
SKU-0282,expensive_strategic,9075.18,220,1996539.6,5.0,2,26.1,8.4,2,0.052,0.0,B
SKU-0285,standard,452.28,4398,1989127.44,3.0,3,17.2,6.8,2,0.277,0.0,B
SKU-0582,consumable,41.66,47710,1987598.6,1.0,3,6.1,0.9,3,0.61,0.0,B
SKU-2793,standard,731.28,2715,1985425.2,3.0,2,15.6,4.4,3,0.3,0.0,B
SKU-0331,standard,1327.26,1494,1982926.44,2.0,3,20.7,5.5,2,0.328,0.0,B
SKU-0424,standard,1299.26,1525,1981371.5,3.0,3,17.2,3.3,3,0.191,0.0,B
SKU-2216,expensive_strategic,8466.45,234,1981149.3,5.0,2,18.2,3.3,2,0.198,2.0,B
SKU-1863,expensive_strategic,20630.53,96,1980530.88,4.0,1,41.8,7.0,2,0.119,0.0,B
SKU-2256,standard,1701.52,1159,1972061.68,3.0,3,10.5,6.9,3,0.329,0.0,B
SKU-0804,standard,1039.4172661348805,1646,1710880.82,2.0,3,29.8,1.8,3,0.276,1.0,B
SKU-0836,standard,963.11,2041,1965707.51,3.0,3,26.5,5.4,3,0.346,1.0,B
SKU-2669,standard,583.41,3366,1963758.06,3.0,2,18.7,1.1,3,0.316,1.0,B
SKU-2348,standard,483.6,4060,1963416.0,3.0,2,143.0,1.9,2,0.168,1.0,B
SKU-2006,consumable,43.02,45619,1962529.38,1.0,3,5.6,0.6,4,0.374,0.0,B
SKU-1702,standard,878.83,2229,1958912.07,2.0,3,26.1,5.0,2,0.22,1.0,B
SKU-1213,expensive_strategic,45555.08,43,1958868.44,4.0,2,21.7,5.5,3,0.126,2.0,B
SKU-0406,consumable,48.54,40339,1958055.06,2.0,3,2.1,1.0,4,0.428,0.0,B
SKU-2913,standard,1576.95,1239,1953841.05,2.0,3,22.8,6.5,2,0.334,1.0,B
SKU-0526,standard,1714.7,1139,1953043.3,2.0,2,24.2,6.0,3,0.133,0.0,B
SKU-0687,standard,615.62,3170,1951515.4,3.0,2,29.5,2.6,3,0.322,0.0,B
SKU-2974,standard,649.68,3002,1950339.36,2.0,2,10.5,4.5,3,0.223,0.0,B
SKU-1377,standard,1195.24,1631,1949436.44,3.0,3,23.9,6.2,3,0.281,1.0,B
SKU-1525,standard,1848.74,1054,1948571.96,2.0,2,9.4,5.1,2,0.161,0.0,B
SKU-0484,standard,638.74,3047,1946240.78,3.0,3,23.6,3.2,2,0.302,1.0,B
SKU-1450,standard,489.16,3977,1945389.32,3.0,3,24.6,3.2,2,0.259,0.0,B
SKU-0977,standard,677.09,2873,1945279.57,2.0,3,29.4,6.7,2,0.288,0.0,B
SKU-1230,standard,782.47,2485,1944437.95,2.0,2,28.9,5.6,2,0.252,0.0,B
SKU-2252,consumable,49.21,39495,1943548.95,1.0,3,2.1,0.5,4,0.405,0.0,B
SKU-0855,expensive_strategic,39612.64,49,1941019.36,4.0,2,29.9,4.9,2,0.076,0.0,B
SKU-3037,standard,437.6,4432,1939443.2,3.0,3,17.4,4.8,2,0.257,1.0,B
SKU-2541,standard,747.05,2594,1937847.7,3.0,2,20.0,2.2,3,0.17,1.0,B
SKU-3015,standard,559.22,3464,1937138.08,3.0,2,25.1,1.2,3,0.3,0.0,B
SKU-0509,consumable,49.61,39015,1935534.15,1.0,4,3.8,1.8,5,0.339,0.0,B
SKU-2690,standard,781.41,2476,1934771.16,3.0,3,22.1,5.9,2,0.326,0.0,B
SKU-1037,expensive_strategic,22238.61,87,1934759.07,5.0,2,39.6,5.6,3,0.171,0.0,B
SKU-3458,standard,542.26,3567,1934241.42,2.0,2,17.4,3.3,2,0.298,0.0,B
SKU-1893,consumable,48.64,39673,1929694.72,2.0,4,5.1,0.7,3,0.581,0.0,B
SKU-1824,consumable,44.87,42986,1928781.82,1.0,3,3.3,1.4,5,0.63,0.0,B
SKU-1705,standard,1380.29,1394,1924124.26,2.0,3,12.2,6.8,3,0.202,0.0,B
SKU-3069,expensive_strategic,31409.59,61,1915984.99,4.0,1,35.6,5.4,2,0.185,1.0,B
SKU-2907,consumable,45.97,41657,1914972.29,1.0,3,9.6,1.3,5,0.553,0.0,B
SKU-2629,standard,1039.4172661348805,1255,1304468.67,3.0,2,23.6,4.3,3,0.196,1.0,B
SKU-0534,standard,1037.35,1845,1913910.75,3.0,2,7.1,1.1,2,0.171,0.0,B
SKU-0859,standard,1970.06,971,1912928.26,3.0,2,28.5,5.9,3,0.152,1.0,B
SKU-1543,standard,690.99,2768,1912660.32,2.0,2,11.9,4.3,2,0.326,0.0,B
SKU-0522,standard,534.47,3574,1910195.78,3.0,3,24.3,3.8,3,0.123,0.0,B
SKU-1650,standard,823.09,2308,1899691.72,3.0,3,14.9,3.9,3,0.122,1.0,B
SKU-0283,standard,759.22,2499,1897290.78,2.0,2,7.7,3.0,2,0.244,0.0,B
SKU-3446,standard,1815.66,1044,1895549.04,3.0,2,18.6,1.6,2,0.327,0.0,B
SKU-2060,standard,936.55,2023,1894640.65,3.0,3,22.4,5.4,2,0.108,1.0,B
SKU-0495,standard,1133.66,1665,1887543.9,3.0,3,12.3,6.3,3,0.172,0.0,B
SKU-1875,standard,1193.93,1579,1885215.47,2.0,3,27.5,6.6,3,0.203,0.0,B
SKU-0105,consumable,39.24,47988,1883049.12,2.0,3,4.3,1.2,3,0.698,0.0,B
SKU-1360,standard,989.61,1901,1881248.61,2.0,3,18.9,2.9,3,0.168,0.0,B
SKU-0690,expensive_strategic,13243.92,142,1880636.64,4.0,2,31.6,7.4,3,0.115,2.0,B
SKU-2393,standard,409.65,4578,1875377.7,3.0,3,29.9,1.2,3,0.309,0.0,B
SKU-2792,consumable,47.2,39715,1874548.0,1.0,5,9.3,1.3,5,0.552,0.0,B
SKU-3094,consumable,38.26,48881,1870187.06,2.0,4,9.8,1.4,4,0.516,0.0,B
SKU-2384,standard,1306.6,1430,1868438.0,2.0,2,25.2,2.4,2,0.349,1.0,B
SKU-1709,standard,516.23,3619,1868236.37,2.0,3,25.8,5.8,2,0.198,1.0,B
SKU-0692,standard,557.67,3346,1865963.82,3.0,2,23.9,5.1,2,0.171,1.0,B
SKU-3178,consumable,44.58,41830,1864781.4,2.0,5,5.3,1.1,4,0.412,0.0,B
SKU-1440,standard,714.17,2602,1858270.34,3.0,2,17.2,4.8,2,0.237,0.0,B
SKU-3267,standard,1115.48,1663,1855043.24,3.0,2,28.8,4.2,2,0.154,0.0,B
SKU-0444,standard,1775.11,1043,1851439.73,2.0,3,21.2,5.0,2,0.129,0.0,B
SKU-3281,standard,1373.0,1348,1850804.0,3.0,2,9.2,2.5,3,0.116,1.0,B
SKU-0862,standard,1604.62,1149,1843708.38,2.0,3,28.7,1.4,2,0.258,0.0,B
SKU-1397,standard,1347.65,1368,1843585.2,2.0,3,22.4,5.0,3,0.181,0.0,B
SKU-1137,consumable,41.73,44154,1842546.42,2.0,5,3.5,0.5,4,0.664,0.0,B
SKU-2661,standard,503.14,3654,1838473.56,2.0,2,29.2,2.6,2,0.262,1.0,B
SKU-0486,consumable,46.57,39452,1837279.64,1.0,3,2.8,0.8,4,0.409,0.0,B
SKU-2245,consumable,47.14,38965,1836810.1,1.0,5,7.2,1.6,4,0.368,0.0,B
SKU-3150,standard,538.95,3408,1836741.6,2.0,2,17.4,2.6,2,0.295,0.0,B
SKU-1345,standard,610.71,3002,1833351.42,3.0,2,22.8,1.7,3,0.264,0.0,B
SKU-2621,consumable,24.75346153846154,47803,1183289.72,2.0,3,7.4,0.7,3,0.74,0.0,B
SKU-3311,standard,1238.41,1477,1829131.57,3.0,3,9.6,6.3,2,0.343,0.0,B
SKU-3087,standard,1527.83,1197,1828812.51,2.0,3,18.5,4.7,2,0.284,0.0,B
SKU-0870,consumable,38.84,47010,1825868.4,1.0,4,7.1,1.7,5,0.448,0.0,B
SKU-0047,expensive_strategic,15193.47,120,1823216.4,4.0,1,19.1,7.8,3,0.174,0.0,B
SKU-2796,standard,1224.21,1484,1816727.64,2.0,2,19.8,7.0,3,0.23,0.0,B
SKU-0640,standard,437.08,4151,1814319.08,2.0,3,10.2,1.6,2,0.277,0.0,B
SKU-0445,consumable,43.83,41373,1813378.59,2.0,4,2.2,1.6,5,0.399,0.0,B
SKU-1915,standard,367.58,4924,1809963.92,2.0,3,27.9,5.0,3,0.187,0.0,B
SKU-3428,standard,1562.72,1157,1808067.04,3.0,3,23.6,2.8,3,0.129,0.0,B
SKU-0255,expensive_strategic,26965.29,67,1806674.43,5.0,1,43.1,4.9,2,0.082,0.0,B
SKU-2349,standard,1892.65,953,1803695.45,2.0,3,20.0,5.4,2,0.129,0.0,B
SKU-2055,consumable,37.55,47898,1798569.9,2.0,5,4.9,1.3,5,0.499,0.0,B
SKU-0688,expensive_strategic,25294.39,71,1795901.69,4.0,1,23.1,6.3,3,0.071,0.0,B
SKU-3024,expensive_strategic,33797.52,53,1791268.56,4.0,1,15.1,7.5,3,0.197,1.0,B
SKU-0627,standard,720.58,2484,1789920.72,2.0,2,19.8,6.4,2,0.183,1.0,B
SKU-0463,standard,659.75,2713,1789901.75,2.0,3,13.6,4.3,3,0.289,0.0,B
SKU-2439,standard,664.58,2678,1779745.24,2.0,2,29.8,4.7,3,0.271,1.0,B
SKU-1012,consumable,36.11,49226,1777550.86,2.0,5,4.6,0.7,3,0.661,0.0,B
SKU-0362,standard,1039.4172661348805,3457,3593265.49,3.0,3,14.7,6.7,2,0.334,1.0,B
SKU-1728,consumable,47.97,36983,1774074.51,2.0,3,2.4,1.2,4,0.509,0.0,B
SKU-2413,standard,655.57,2706,1773972.42,2.0,2,9.8,4.9,3,0.135,1.0,B
SKU-0250,consumable,45.53,38927,1772346.31,2.0,5,4.4,0.8,3,0.486,0.0,B
SKU-3030,standard,1881.51,941,1770500.91,2.0,3,8.8,4.6,2,0.348,0.0,B
SKU-1315,standard,1351.38,1304,1762199.52,2.0,2,27.7,4.5,3,0.294,0.0,B
SKU-2767,standard,840.51,2096,1761708.96,3.0,3,11.5,5.8,3,0.174,1.0,B
SKU-2098,standard,1039.4172661348805,3221,3347963.01,3.0,2,18.4,1.9,3,0.345,1.0,B
SKU-0556,standard,1784.98,986,1759990.28,2.0,2,15.2,1.6,2,0.348,1.0,B
SKU-3480,standard,790.45,2224,1757960.8,3.0,3,7.7,6.3,2,0.324,0.0,B
SKU-2191,expensive_strategic,14362.1,122,1752176.2,4.0,2,44.6,5.1,2,0.059,2.0,B
SKU-2790,consumable,38.69,45198,1748710.62,1.0,5,8.7,0.8,4,0.671,0.0,B
SKU-1475,expensive_strategic,16178.25,108,1747251.0,4.0,1,37.2,9.7,3,0.115,1.0,B
SKU-3469,consumable,36.57,47694,1744169.58,2.0,3,7.8,1.1,3,0.491,0.0,B
SKU-1053,consumable,42.19,41274,1741350.06,2.0,5,5.7,1.9,4,0.325,0.0,B
SKU-3384,expensive_strategic,49624.68,35,1736863.8,5.0,2,27.1,3.3,2,0.159,0.0,B
SKU-1538,standard,1282.4,1353,1735087.2,2.0,2,26.5,6.1,3,0.175,1.0,B
SKU-2956,standard,963.55,1799,1733426.45,3.0,2,20.3,1.5,3,0.262,1.0,B
SKU-3151,standard,1455.42,1190,1731949.8,2.0,3,28.8,5.9,1,0.32,1.0,B
SKU-1931,standard,1563.82,1107,1731148.74,2.0,3,14.5,2.4,2,0.266,0.0,B
SKU-3391,expensive_strategic,28290.76,61,1725736.36,4.0,2,32.6,3.3,2,0.108,2.0,B
SKU-0639,expensive_strategic,47935.92,36,1725693.12,5.0,2,19.3,7.5,2,0.133,2.0,B
SKU-2364,standard,1100.9,1566,1724009.4,2.0,3,13.1,2.8,2,0.113,0.0,B
SKU-0570,expensive_strategic,13568.61,127,1723213.47,5.0,1,24.8,8.2,2,0.079,1.0,B
SKU-0772,consumable,35.99,47870,1722841.3,2.0,4,9.0,1.2,4,0.644,0.0,B
SKU-2930,standard,519.74,3313,1721898.62,2.0,3,22.7,4.6,3,0.157,0.0,B
SKU-1895,standard,1552.42,1109,1721633.78,3.0,3,14.9,6.4,3,0.31,0.0,B
SKU-3184,expensive_strategic,45267.67,38,1720171.46,5.0,1,19.7,3.8,3,0.193,1.0,B
SKU-2716,expensive_strategic,38216.58,45,1719746.1,5.0,1,41.7,3.1,2,0.186,2.0,B
SKU-0398,standard,470.49,3635,1710231.15,3.0,3,9.4,3.5,3,0.128,0.0,B
SKU-1009,expensive_strategic,35569.25,48,1707324.0,5.0,2,22.5,9.2,2,0.124,2.0,B
SKU-2319,standard,1608.14,1061,1706236.54,2.0,2,29.5,2.9,3,0.235,0.0,B
SKU-1633,standard,451.92,3774,1705546.08,2.0,2,12.2,3.4,3,0.231,1.0,B
SKU-2520,standard,806.57,2114,1705088.98,3.0,3,24.7,2.5,2,0.338,0.0,B
SKU-3060,consumable,35.35,48225,1704753.75,1.0,5,2.8,1.3,3,0.419,0.0,B
SKU-2076,consumable,35.23,48099,1694527.77,1.0,3,9.7,0.8,4,0.348,0.0,B
SKU-2485,standard,444.49,3809,1693062.41,2.0,2,8.0,2.7,3,0.122,1.0,B
SKU-0959,expensive_strategic,8812.79,192,1692055.68,4.0,1,30.1,7.5,3,0.129,2.0,B
SKU-0189,standard,542.01,3121,1691613.21,3.0,3,21.4,1.5,3,0.185,0.0,B
SKU-1968,standard,850.4,1988,1690595.2,2.0,3,24.4,4.3,3,0.192,1.0,B
SKU-3285,standard,459.87,3670,1687722.9,2.0,3,21.3,2.9,3,0.153,0.0,B
SKU-2503,standard,1612.69,1046,1686873.74,2.0,3,11.6,1.1,2,0.226,0.0,B
SKU-0251,expensive_strategic,14406.67,117,1685580.39,5.0,1,162.0,5.3,3,0.088,0.0,B
SKU-0865,standard,829.5,2032,1685544.0,2.0,3,9.3,5.5,2,0.214,1.0,B
SKU-1980,consumable,34.01,49536,1684719.36,1.0,3,8.5,1.1,5,0.542,0.0,B
SKU-1318,standard,738.61,2264,1672213.04,2.0,3,14.7,1.5,2,0.313,0.0,B
SKU-3132,consumable,33.79,49474,1671726.46,2.0,3,6.5,1.0,5,0.751,0.0,B
SKU-2344,standard,1039.4172661348805,1858,1931237.28,3.0,3,27.6,4.5,3,0.148,1.0,B
SKU-0725,standard,949.6,1755,1666548.0,3.0,3,8.6,2.1,2,0.309,1.0,B
SKU-0392,standard,1171.1,1421,1664133.1,2.0,3,20.4,3.8,2,0.15,1.0,B
SKU-3438,standard,556.06,2992,1663731.52,3.0,2,9.4,1.0,2,0.276,0.0,B
SKU-0262,consumable,35.35,47024,1662298.4,2.0,5,4.1,1.9,5,0.699,0.0,B
SKU-2469,standard,371.99,4464,1660563.36,3.0,2,26.4,6.7,1,0.129,0.0,B
SKU-3436,standard,859.38,1932,1660322.16,2.0,3,18.2,2.0,3,0.334,1.0,B
SKU-1251,consumable,36.87,44923,1656311.01,2.0,4,7.1,1.7,3,0.635,0.0,B
SKU-1044,standard,1169.51,1416,1656026.16,3.0,3,28.6,6.0,3,0.196,0.0,B
SKU-0815,consumable,49.04,33747,1654952.88,1.0,3,6.0,0.6,3,0.338,0.0,B
SKU-3312,standard,797.89,2071,1652430.19,3.0,2,7.1,7.0,3,0.274,1.0,B
SKU-1664,standard,392.52,4207,1651331.64,2.0,3,17.0,5.7,2,0.177,1.0,B
SKU-1959,standard,807.61,2042,1649139.62,3.0,2,13.9,1.0,3,0.262,1.0,B
SKU-1026,standard,1349.38,1222,1648942.36,3.0,3,18.1,6.9,3,0.236,1.0,B
SKU-3192,consumable,49.52,33252,1646639.04,1.0,5,7.5,1.3,4,0.79,0.0,B
SKU-1405,standard,714.96,2301,1645122.96,2.0,3,24.3,4.7,2,0.174,0.0,B
SKU-1143,standard,608.57,2699,1642530.43,3.0,2,29.2,3.7,2,0.233,1.0,B
SKU-1695,standard,1116.27,1468,1638684.36,3.0,3,29.2,4.4,2,0.235,1.0,B
SKU-1154,standard,488.47,3349,1635886.03,3.0,5,22.4,3.8,3,0.104,0.0,B
SKU-2033,standard,1039.4172661348805,3110,3232587.7,2.0,2,13.8,5.8,3,0.227,0.0,B
SKU-1221,consumable,34.26,47748,1635846.48,1.0,3,4.6,1.2,3,0.736,0.0,B
SKU-2954,standard,1773.73,922,1635379.06,3.0,3,16.0,3.4,2,0.275,1.0,B
SKU-1546,standard,575.39,2840,1634107.6,3.0,3,11.3,6.5,2,0.204,1.0,B
SKU-0846,standard,400.38,4081,1633950.78,2.0,3,15.1,6.6,2,0.303,0.0,B
SKU-2409,consumable,33.98,47978,1630292.44,2.0,4,6.5,0.9,3,0.789,0.0,B
SKU-3028,standard,1721.78,946,1628803.88,3.0,3,25.4,5.8,2,0.342,0.0,B
SKU-0240,expensive_strategic,39593.62,41,1623338.42,5.0,2,30.5,8.5,2,0.058,1.0,B
SKU-0032,expensive_strategic,5462.8,297,1622451.6,4.0,1,25.4,6.0,2,0.097,2.0,B
SKU-0633,standard,1093.19,1484,1622293.96,2.0,2,8.2,6.6,2,0.245,0.0,B
SKU-0878,standard,1817.96,892,1621620.32,2.0,5,25.1,6.7,2,0.281,1.0,B
SKU-1958,standard,818.18,1978,1618360.04,3.0,2,8.9,3.0,2,0.221,1.0,B
SKU-2124,standard,1317.81,1228,1618270.68,3.0,3,19.5,1.9,3,0.265,0.0,B
SKU-2614,standard,808.67,1999,1616531.33,3.0,3,22.9,3.9,1,0.285,0.0,B
SKU-2883,expensive_strategic,18789.76,86,1615919.36,4.0,5,45.0,7.1,3,0.089,2.0,B
SKU-1596,standard,1144.63,1410,1613928.3,3.0,3,11.2,3.7,2,0.153,1.0,B
SKU-0812,consumable,33.9,47468,1609165.2,1.0,5,6.5,0.7,1,0.467,0.0,B
SKU-1393,expensive_strategic,10437.82,154,1607424.28,5.0,2,24.2,4.5,2,0.134,2.0,B
SKU-2490,standard,401.01,4002,1604842.02,2.0,3,17.2,2.0,3,0.286,0.0,B
SKU-0734,standard,988.93,1621,1603055.53,3.0,2,26.2,3.9,1,0.149,1.0,B
SKU-2197,standard,1695.0,943,1598385.0,2.0,3,11.8,4.3,2,0.211,0.0,B
SKU-2062,standard,734.63,2173,1596350.99,2.0,2,23.8,2.1,2,0.237,1.0,B
SKU-0216,expensive_strategic,7453.04,214,1594950.56,4.0,1,29.0,4.6,2,0.063,1.0,B
SKU-0543,expensive_strategic,6482.65,246,1594731.9,5.0,1,33.6,5.2,2,0.199,0.0,B
SKU-1918,standard,1259.69,1265,1593507.85,2.0,2,22.9,3.0,2,0.236,1.0,B
SKU-0221,standard,454.2,3504,1591516.8,3.0,2,9.6,4.6,2,0.287,0.0,B
SKU-2388,standard,741.34,2145,1590174.3,2.0,3,7.6,6.0,3,0.345,1.0,B
SKU-2519,standard,373.26,4252,1587101.52,2.0,2,8.2,4.6,3,0.22,0.0,B
SKU-0512,standard,463.1,3427,1587043.7,2.0,2,7.2,1.5,3,0.216,1.0,B
SKU-2664,standard,731.7,2167,1585593.9,2.0,3,22.7,2.3,3,0.268,1.0,B
SKU-0203,expensive_strategic,14922.9,106,1581827.4,4.0,1,23.2,9.7,3,0.195,0.0,B
SKU-2088,standard,322.14,4905,1580096.7,3.0,3,25.5,4.3,3,0.221,0.0,B
SKU-1110,expensive_strategic,10954.88,144,1577502.72,5.0,2,43.1,3.4,3,0.124,1.0,B
SKU-0314,consumable,41.27,38201,1576555.27,1.0,3,6.1,1.3,5,0.684,0.0,B
SKU-1288,standard,743.49,2120,1576198.8,3.0,2,12.0,1.3,2,0.16,0.0,B
SKU-0386,consumable,40.05,39327,1575046.35,1.0,4,5.9,1.8,5,0.577,0.0,B
SKU-1512,standard,708.85,2221,1574355.85,3.0,3,28.8,5.5,2,0.152,0.0,B
SKU-0849,standard,988.91,1592,1574344.72,2.0,2,29.1,6.4,2,0.204,0.0,B
SKU-1880,standard,428.86,3667,1572629.62,2.0,2,14.3,1.9,3,0.121,1.0,B
SKU-1092,standard,1150.38,1367,1572569.46,2.0,3,24.4,4.7,2,0.314,0.0,B
SKU-1580,standard,863.65,1820,1571843.0,2.0,3,18.6,3.2,3,0.333,1.0,B
SKU-2578,standard,1587.55,989,1570086.95,3.0,2,17.6,6.9,3,0.156,1.0,B
SKU-0803,standard,863.71,1813,1565906.23,3.0,3,22.1,5.3,2,0.29,0.0,B
SKU-1819,standard,1233.02,1269,1564702.38,3.0,2,20.7,3.9,2,0.287,0.0,B
SKU-2569,consumable,45.64,34208,1561253.12,1.0,5,6.9,0.8,4,0.366,0.0,B
SKU-2570,consumable,38.51,40374,1554802.74,2.0,5,7.3,1.9,4,0.444,0.0,B
SKU-0636,standard,977.66,1588,1552524.08,3.0,3,14.9,2.7,2,0.125,1.0,B
SKU-1550,standard,449.5,3438,1545381.0,2.0,2,24.8,6.6,3,0.344,1.0,B
SKU-2345,consumable,34.18,45156,1543432.08,2.0,3,3.0,0.5,4,0.772,0.0,B
SKU-3333,expensive_strategic,5786.75,266,1539275.5,4.0,1,17.7,5.9,3,0.142,0.0,B
SKU-1452,standard,929.25,1655,1537908.75,3.0,2,20.0,2.2,3,0.34,0.0,B
SKU-0442,consumable,40.07,38381,1537926.67,2.0,5,3.1,1.0,4,0.351,0.0,B
SKU-0361,standard,1751.02,877,1535644.54,3.0,3,20.7,5.3,3,0.148,0.0,B
SKU-1634,consumable,39.02,39333,1534773.66,2.0,5,2.4,1.8,3,0.374,0.0,B
SKU-0775,consumable,49.8,30802,1533939.6,2.0,3,9.9,1.5,4,0.7,0.0,B
SKU-0127,consumable,45.37,33698,1528878.26,1.0,4,5.5,0.8,3,0.552,0.0,B
SKU-3014,standard,961.14,1587,1525329.18,2.0,3,28.7,2.9,2,0.317,1.0,B
SKU-2979,standard,1627.37,937,1524845.69,3.0,2,20.2,3.5,3,0.265,0.0,B
SKU-2117,standard,1259.37,1209,1522578.33,2.0,2,19.4,6.6,3,0.198,1.0,B
SKU-1187,standard,1851.98,822,1522327.56,3.0,3,7.9,3.2,3,0.29,1.0,B
SKU-1873,standard,1031.24,1476,1522110.24,3.0,2,28.5,1.9,2,0.161,1.0,B
SKU-1874,consumable,46.72,32571,1521717.12,1.0,3,6.7,1.0,4,0.431,0.0,B
SKU-0267,standard,691.63,2198,1520202.74,2.0,3,26.3,4.9,2,0.148,1.0,B
SKU-1453,consumable,46.69,32558,1520133.02,2.0,5,2.5,1.3,3,0.481,0.0,B
SKU-2868,consumable,31.41,48368,1519238.88,1.0,3,3.5,1.0,4,0.482,0.0,B
SKU-2498,consumable,37.28,40673,1516289.44,1.0,5,8.4,1.5,4,0.415,0.0,B
SKU-3080,consumable,48.96,30911,1513402.56,2.0,4,6.6,1.6,3,0.551,0.0,B
SKU-2730,standard,1332.12,1135,1511956.2,3.0,3,25.8,4.7,3,0.252,0.0,B
SKU-0500,consumable,49.91,30290,1511773.9,1.0,3,2.8,1.4,4,0.483,0.0,B
SKU-3374,standard,849.27,1774,1506604.98,2.0,2,13.0,7.0,2,0.339,1.0,B
SKU-3342,standard,1885.73,798,1504812.54,3.0,3,14.8,5.5,2,0.296,0.0,B
SKU-2989,standard,963.11,1561,1503414.71,2.0,3,10.5,3.9,2,0.176,0.0,B
SKU-0256,standard,1554.1,967,1502814.7,3.0,3,7.7,2.4,2,0.116,0.0,B
SKU-1784,standard,630.03,2379,1498841.37,2.0,3,7.5,2.4,3,0.202,1.0,B
SKU-0273,consumable,39.81,37643,1498567.83,2.0,4,6.1,1.9,5,0.468,0.0,B
SKU-3295,consumable,47.02,31860,1498057.2,2.0,5,8.2,1.6,3,0.635,0.0,B
SKU-2487,standard,420.41,3563,1497920.83,3.0,3,12.6,1.5,3,0.139,0.0,B
SKU-3090,expensive_strategic,18003.96,83,1494328.68,4.0,1,39.7,3.5,3,0.198,2.0,B
SKU-0823,expensive_strategic,16058.76,93,1493464.68,4.0,2,27.0,4.2,3,0.135,0.0,B
SKU-0583,standard,1383.51,1079,1492807.29,2.0,2,14.6,1.3,3,0.141,0.0,B
SKU-2996,consumable,32.44,45956,1490812.64,2.0,3,4.3,0.6,4,0.544,0.0,B
SKU-2773,consumable,39.73,37494,1489636.62,1.0,3,6.3,1.4,5,0.614,0.0,B
SKU-2802,consumable,32.53,45690,1486295.7,1.0,4,6.6,1.9,5,0.735,0.0,B
SKU-2273,standard,1157.67,1280,1481817.6,2.0,2,28.5,5.7,3,0.285,1.0,B
SKU-1447,standard,618.55,2394,1480808.7,3.0,3,27.3,2.8,2,0.101,0.0,B
SKU-1240,expensive_strategic,23123.91,64,1479930.24,5.0,2,30.5,8.4,3,0.068,0.0,B
SKU-1541,standard,1039.4172661348805,4274,4442469.4,2.0,3,24.1,4.0,2,0.289,1.0,B
SKU-1314,consumable,42.51,34700,1475097.0,2.0,3,7.4,1.0,3,0.388,0.0,B
SKU-0036,consumable,32.73,45041,1474191.93,1.0,5,4.4,0.7,5,0.328,0.0,B
SKU-2092,consumable,32.45,45390,1472905.5,2.0,4,7.2,0.7,3,0.535,0.0,B
SKU-2710,expensive_strategic,6453.59,228,1471418.52,4.0,1,30.2,3.5,2,0.158,2.0,B
SKU-1293,standard,338.22,4346,1469904.12,2.0,3,22.5,3.4,3,0.316,0.0,B
SKU-0214,expensive_strategic,17706.56,83,1469644.48,4.0,1,30.5,4.2,2,0.14,0.0,B
SKU-1316,standard,1272.08,1153,1466708.24,2.0,2,29.6,4.8,2,0.132,1.0,B
SKU-2772,expensive_strategic,31871.01,46,1466066.46,5.0,2,39.7,5.4,2,0.062,0.0,B
SKU-1343,consumable,48.08,30488,1465863.04,1.0,4,9.0,1.7,3,0.593,0.0,B
SKU-3260,consumable,36.87,39684,1463149.08,1.0,4,6.7,1.9,5,0.615,0.0,B
SKU-3052,standard,772.92,1884,1456181.28,3.0,3,8.7,3.2,2,0.12,0.0,B
SKU-3129,consumable,36.96,39380,1455484.8,2.0,4,4.6,1.9,5,0.574,0.0,B
SKU-2983,standard,443.21,3282,1454615.22,3.0,2,12.5,2.2,2,0.249,0.0,B
SKU-1627,expensive_strategic,7735.15,188,1454208.2,4.0,2,15.8,5.7,2,0.076,2.0,B
SKU-1052,standard,1088.4,1334,1451925.6,3.0,2,9.4,1.3,3,0.243,0.0,B
SKU-0155,consumable,30.25,47994,1451818.5,1.0,5,6.9,0.9,3,0.586,0.0,B
SKU-3271,expensive_strategic,18844.61,77,1451034.97,4.0,2,40.3,6.3,3,0.124,2.0,B
SKU-1353,standard,990.3,1465,1450789.5,3.0,2,29.3,6.6,2,0.348,1.0,B
SKU-0278,standard,591.55,2448,1448114.4,2.0,2,18.9,6.7,2,0.243,0.0,B
SKU-0811,consumable,41.8,34607,1446572.6,1.0,3,7.5,1.5,5,0.367,0.0,B
SKU-2682,consumable,35.44,40815,1446483.6,2.0,5,6.0,1.5,3,0.539,0.0,B
SKU-1588,standard,1500.14,964,1446134.96,3.0,2,13.1,2.3,3,0.244,0.0,B
SKU-2354,consumable,44.87,32171,1443512.77,2.0,5,3.4,0.6,3,0.369,0.0,B
SKU-3418,standard,428.78,3366,1443273.48,2.0,3,8.4,7.0,3,0.32,0.0,B
SKU-0514,consumable,45.14,31958,1442584.12,2.0,4,5.9,0.7,4,0.701,0.0,B
SKU-0612,consumable,39.66,36283,1438983.78,2.0,4,8.6,0.9,3,0.331,0.0,B
SKU-2369,expensive_strategic,46368.43,31,1437421.33,4.0,2,15.6,7.8,2,0.152,0.0,B
SKU-0188,standard,812.17,1767,1435104.39,2.0,3,12.4,5.5,3,0.349,1.0,B
SKU-0774,standard,301.57,4757,1434568.49,3.0,3,29.0,1.6,2,0.261,0.0,B
SKU-3137,standard,408.01,3515,1434155.15,3.0,2,27.3,1.4,2,0.238,1.0,B
SKU-3209,standard,1404.18,1020,1432263.6,2.0,2,24.7,3.5,3,0.229,1.0,B
SKU-0910,standard,790.41,1812,1432222.92,3.0,3,9.2,6.9,2,0.282,1.0,B
SKU-1907,consumable,45.52,31433,1430830.16,1.0,4,7.2,0.9,3,0.328,0.0,B
SKU-0070,consumable,29.58,48365,1430636.7,1.0,5,4.5,0.6,3,0.583,0.0,B
SKU-3479,standard,902.91,1584,1430209.44,2.0,2,26.4,3.0,2,0.296,1.0,B
SKU-0623,standard,695.05,2054,1427632.7,3.0,2,26.3,3.8,3,0.212,1.0,B
SKU-1761,standard,338.86,4212,1427278.32,2.0,2,15.7,6.2,2,0.297,0.0,B
SKU-0551,standard,1289.89,1104,1424038.56,2.0,3,28.8,1.8,3,0.243,0.0,B
SKU-1966,standard,1151.04,1237,1423836.48,2.0,3,29.1,5.5,2,0.259,0.0,B
SKU-3212,standard,1571.38,906,1423670.28,2.0,3,26.2,2.4,1,0.283,1.0,B
SKU-3375,consumable,28.52,49853,1421807.56,1.0,3,8.5,0.6,4,0.685,0.0,B
SKU-2824,expensive_strategic,7405.41,192,1421838.72,5.0,1,43.4,4.8,2,0.093,0.0,B
SKU-3084,standard,655.36,2168,1420820.48,3.0,2,8.8,4.5,3,0.243,1.0,B
SKU-0928,standard,351.11,4045,1420239.95,3.0,2,16.6,6.0,2,0.247,0.0,B
SKU-1355,standard,1440.46,985,1418853.1,2.0,2,19.6,3.4,2,0.194,1.0,B
SKU-2784,consumable,30.88,45901,1417422.88,2.0,3,7.5,1.4,4,0.65,0.0,B
SKU-2892,standard,1509.58,937,1414476.46,2.0,3,25.8,5.6,3,0.32,0.0,B
SKU-2890,consumable,47.06,30056,1414435.36,2.0,4,6.0,1.8,5,0.416,0.0,B
SKU-0464,standard,1774.68,797,1414419.96,2.0,2,16.3,5.1,3,0.189,1.0,B
SKU-3040,standard,1373.2,1029,1413022.8,2.0,3,24.1,2.9,3,0.145,1.0,B
SKU-2291,standard,630.18,2242,1412863.56,3.0,2,29.2,6.7,3,0.314,0.0,B
SKU-1001,expensive_strategic,5684.59,248,1409778.32,4.0,2,29.8,8.9,3,0.147,2.0,B
SKU-3381,standard,504.11,2794,1408483.34,2.0,3,15.7,5.2,3,0.348,1.0,B
SKU-0539,standard,867.55,1623,1408033.65,2.0,3,13.5,3.6,1,0.133,0.0,B
SKU-2327,consumable,39.22,35857,1406311.54,2.0,3,5.4,1.5,3,0.8,0.0,B
SKU-1076,standard,676.4,2077,1404882.8,3.0,3,11.8,4.1,3,0.254,0.0,B
SKU-2540,consumable,30.84,45446,1401554.64,1.0,5,7.9,1.5,5,0.301,0.0,B
SKU-2500,standard,320.03,4373,1399491.19,3.0,3,13.7,4.8,2,0.127,0.0,B
SKU-0351,standard,1446.31,967,1398581.77,3.0,2,15.3,5.5,3,0.118,1.0,B
SKU-0237,expensive_strategic,26364.61,53,1397324.33,5.0,1,16.2,3.3,2,0.161,2.0,B
SKU-2696,standard,740.38,1883,1394135.54,3.0,3,22.5,2.8,2,0.167,1.0,B
SKU-1884,consumable,41.91,33261,1393968.51,2.0,3,7.3,1.8,3,0.778,0.0,B
SKU-2866,standard,651.29,2137,1391806.73,3.0,2,27.4,2.4,2,0.344,1.0,B
SKU-2837,consumable,48.47,28597,1386096.59,1.0,4,5.9,1.6,4,0.474,0.0,B
SKU-1734,standard,811.1,1704,1382114.4,2.0,3,10.9,2.9,3,0.267,0.0,B
SKU-3068,consumable,48.99,28147,1378921.53,2.0,5,8.9,1.4,3,0.447,0.0,B
SKU-2340,standard,1101.38,1252,1378927.76,3.0,2,26.9,5.8,2,0.197,0.0,B
SKU-2795,standard,893.85,1541,1377422.85,2.0,2,19.2,5.8,2,0.31,1.0,B
SKU-2365,standard,543.19,2534,1376443.46,2.0,3,20.7,2.3,2,0.301,0.0,B
SKU-1135,standard,1855.75,740,1373255.0,3.0,3,16.2,6.7,3,0.113,1.0,B
SKU-0325,consumable,49.74,27572,1371431.28,2.0,3,7.9,1.4,5,0.643,0.0,B
SKU-2090,standard,437.89,3121,1366654.69,2.0,5,23.6,4.7,3,0.298,0.0,B
SKU-1649,consumable,41.56,32881,1366534.36,1.0,3,3.1,0.9,4,0.35,0.0,B
SKU-1121,consumable,30.15,45113,1360156.95,1.0,3,6.0,0.7,5,0.51,0.0,B
SKU-2922,standard,955.89,1421,1358319.69,2.0,2,14.3,1.2,2,0.237,0.0,B
SKU-2701,standard,683.21,1987,1357538.27,2.0,3,29.5,2.5,2,0.232,0.0,B
SKU-3425,consumable,32.91,41235,1357043.85,1.0,5,9.5,1.7,4,0.474,0.0,B
SKU-0056,consumable,28.26,47799,1350799.74,2.0,4,3.3,0.8,3,0.655,0.0,B
SKU-2338,standard,633.8,2131,1350627.8,3.0,2,14.4,2.5,3,0.263,0.0,B
SKU-3323,consumable,29.89,45134,1349055.26,2.0,4,5.1,0.9,4,0.403,0.0,B
SKU-0451,consumable,31.48,42831,1348319.88,2.0,3,7.8,1.4,3,0.611,0.0,B
SKU-0523,consumable,41.15,32759,1348032.85,2.0,5,7.4,1.6,5,0.554,0.0,B
SKU-1300,standard,910.45,1480,1347466.0,3.0,3,24.8,6.6,3,0.305,0.0,B
SKU-2507,consumable,32.95,40889,1347292.55,1.0,5,4.4,0.7,4,0.651,0.0,B
SKU-3496,expensive_strategic,44907.91,30,1347237.3,5.0,2,38.5,5.7,3,0.058,1.0,B
SKU-2969,consumable,31.71,42398,1344440.58,2.0,5,3.7,1.0,5,0.456,0.0,B
SKU-0029,standard,919.11,1456,1338224.16,2.0,2,16.6,2.8,2,0.34,0.0,B
SKU-1462,standard,277.11,4829,1338164.19,2.0,2,27.0,6.6,2,0.312,1.0,B
SKU-1945,consumable,28.11,47538,1336293.18,2.0,5,4.8,0.5,5,0.368,0.0,B
SKU-3380,standard,653.67,2042,1334794.14,2.0,3,10.0,5.9,3,0.31,1.0,B
SKU-1128,standard,275.86,4835,1333783.1,3.0,3,16.0,6.7,2,0.14,1.0,B
SKU-3076,consumable,34.47,38691,1333678.77,1.0,3,4.9,0.9,3,0.471,0.0,B
SKU-1906,expensive_strategic,5633.89,236,1329598.04,5.0,2,30.2,6.7,3,0.131,0.0,B
SKU-2663,expensive_strategic,30867.35,43,1327296.05,5.0,5,28.5,8.0,2,0.196,2.0,B
SKU-1003,consumable,32.81,40351,1323916.31,1.0,5,2.3,1.2,5,0.734,0.0,B
SKU-2893,consumable,38.73,34114,1321235.22,2.0,5,7.9,1.2,3,0.502,0.0,B
SKU-0168,expensive_strategic,33870.59,39,1320953.01,4.0,1,30.5,6.4,3,0.172,1.0,B
SKU-3081,standard,406.31,3251,1320913.81,3.0,3,12.9,2.1,2,0.182,1.0,B
SKU-2068,expensive_strategic,18309.48,72,1318282.56,4.0,2,18.1,6.7,3,0.183,1.0,B
SKU-0748,standard,441.35,2984,1316988.4,3.0,3,26.7,1.7,3,0.17,0.0,B
SKU-1834,standard,1303.52,1009,1315251.68,2.0,2,27.7,2.0,3,0.324,1.0,B
SKU-1229,consumable,36.64,35889,1314972.96,1.0,5,4.8,1.1,4,0.707,0.0,B
SKU-2747,standard,1571.97,836,1314166.92,3.0,3,18.1,3.7,2,0.295,0.0,B
SKU-1040,expensive_strategic,43793.78,30,1313813.4,4.0,1,39.8,4.0,2,0.18,2.0,B
SKU-1173,standard,715.32,1836,1313327.52,3.0,3,13.1,1.9,3,0.291,0.0,B
SKU-0154,standard,581.86,2248,1308021.28,3.0,2,7.5,6.2,2,0.247,1.0,B
SKU-3027,consumable,33.19,39294,1304167.86,1.0,3,3.6,0.9,4,0.794,0.0,B
SKU-3161,standard,882.51,1475,1301702.25,2.0,2,7.7,4.8,3,0.2,0.0,B
SKU-3134,standard,1460.61,891,1301403.51,2.0,2,10.4,3.6,3,0.245,0.0,B
SKU-0637,standard,1324.97,981,1299795.57,3.0,3,25.3,3.0,3,0.291,0.0,B
SKU-3461,expensive_strategic,48125.78,27,1299396.06,4.0,1,18.5,8.8,2,0.192,0.0,B
SKU-0679,consumable,36.85,35229,1298188.65,1.0,3,3.7,1.5,4,0.462,0.0,B
SKU-1262,consumable,38.15,34024,1298015.6,1.0,4,8.5,1.9,5,0.341,0.0,B
SKU-3429,consumable,34.18,37944,1296925.92,2.0,3,8.1,1.4,5,0.724,0.0,B
SKU-0911,standard,1873.49,692,1296455.08,2.0,2,12.2,1.1,2,0.259,0.0,B
SKU-2535,standard,1834.77,706,1295347.62,3.0,2,26.7,1.5,3,0.23,0.0,B
SKU-0363,standard,1131.59,1143,1293407.37,2.0,3,9.3,4.7,2,0.145,0.0,B
SKU-0472,consumable,30.67,42093,1290992.31,1.0,4,6.2,1.5,3,0.486,0.0,B
SKU-1833,standard,913.87,1408,1286728.96,3.0,2,18.2,2.2,2,0.107,1.0,B
SKU-3106,standard,394.57,3261,1286692.77,3.0,2,21.8,6.9,2,0.199,0.0,B
SKU-2835,standard,1026.73,1249,1282385.77,3.0,2,16.0,1.1,2,0.225,0.0,B
SKU-2135,standard,430.72,2969,1278807.68,2.0,3,18.9,1.9,3,0.126,1.0,B
SKU-2887,standard,436.75,2927,1278367.25,2.0,3,28.5,3.1,2,0.322,0.0,B
SKU-2675,consumable,40.71,31367,1276950.57,1.0,3,3.2,0.7,3,0.624,0.0,B
SKU-3306,standard,517.4,2467,1276425.8,2.0,2,22.0,1.2,3,0.184,0.0,B
SKU-2593,standard,387.09,3297,1276235.73,2.0,2,16.0,2.5,3,0.168,1.0,B
SKU-1149,consumable,32.44,39176,1270869.44,2.0,5,6.0,1.4,3,0.708,0.0,B
SKU-2401,expensive_strategic,23052.43,55,1267883.65,4.0,1,30.0,7.0,3,0.119,2.0,B
SKU-1674,consumable,32.37,39101,1265699.37,2.0,3,2.4,1.1,3,0.595,0.0,B
SKU-2918,consumable,33.23,38077,1265298.71,1.0,3,2.8,1.2,4,0.381,0.0,B
SKU-1897,standard,330.74,3825,1265080.5,3.0,2,19.9,4.8,3,0.151,0.0,B
SKU-2421,expensive_strategic,7565.79,167,1263486.93,5.0,1,34.3,8.0,3,0.122,1.0,B
SKU-2057,standard,1989.17,635,1263122.95,3.0,3,20.2,1.9,2,0.183,1.0,B
SKU-0848,consumable,31.57,39973,1261947.61,2.0,5,7.2,1.3,5,0.745,0.0,B
SKU-2778,expensive_strategic,7464.17,169,1261444.73,4.0,1,30.3,3.9,2,0.163,0.0,B
SKU-2724,standard,736.06,1711,1259398.66,3.0,2,22.5,4.4,3,0.308,1.0,B
SKU-1306,consumable,47.92,26159,1253539.28,1.0,5,4.0,1.1,3,0.762,0.0,B
SKU-3307,standard,836.39,1498,1252912.22,2.0,3,24.2,2.4,3,0.242,0.0,B
SKU-1080,consumable,28.89,43340,1252092.6,1.0,5,6.3,1.2,4,0.716,0.0,B
SKU-1686,consumable,32.79,38185,1252086.15,2.0,4,9.0,0.7,3,0.341,0.0,B
SKU-2196,standard,363.24,3443,1250635.32,3.0,3,28.0,4.4,3,0.306,0.0,B
SKU-0049,standard,260.91,4791,1250019.81,3.0,2,26.3,2.3,2,0.135,0.0,B
SKU-2173,expensive_strategic,11678.46,107,1249595.22,4.0,2,26.8,7.4,2,0.108,1.0,B
SKU-2927,consumable,33.03,37806,1248732.18,1.0,4,9.6,2.0,5,0.447,0.0,B
SKU-0097,standard,339.92,3672,1248186.24,2.0,3,28.1,4.9,2,0.324,0.0,B
SKU-1115,standard,254.71,4900,1248079.0,2.0,3,18.9,2.3,2,0.274,0.0,B
SKU-2691,standard,1446.73,862,1247081.26,3.0,3,11.3,2.5,2,0.225,0.0,B
SKU-2493,consumable,37.35,33389,1247079.15,2.0,3,3.9,1.0,5,0.779,0.0,B
SKU-0233,standard,1482.5,841,1246782.5,3.0,2,23.6,2.1,2,0.267,0.0,B
SKU-1086,standard,343.73,3618,1243615.14,3.0,3,27.3,5.9,3,0.108,0.0,B
SKU-2723,consumable,36.58,33991,1243390.78,2.0,3,3.0,1.9,3,0.744,0.0,B
SKU-1843,standard,1142.4,1087,1241788.8,2.0,2,13.9,1.7,2,0.335,1.0,B
SKU-2944,standard,279.84,4436,1241370.24,3.0,3,9.8,5.5,2,0.348,1.0,B
SKU-2882,consumable,48.49,25601,1241392.49,1.0,4,10.0,0.9,3,0.338,0.0,B
SKU-3091,standard,505.68,2452,1239927.36,3.0,2,17.7,1.8,3,0.149,1.0,B
SKU-1291,standard,305.55,4057,1239616.35,2.0,2,27.7,5.4,3,0.227,0.0,B
SKU-3265,consumable,47.61,26028,1239193.08,2.0,5,5.1,1.6,4,0.73,0.0,B
SKU-0432,consumable,28.89,42833,1237445.37,2.0,4,6.3,1.2,3,0.456,0.0,B
SKU-0693,standard,1258.1,982,1235454.2,3.0,2,28.9,3.2,3,0.153,1.0,B
SKU-0453,standard,626.21,1972,1234886.12,3.0,2,18.9,2.3,3,0.211,1.0,B
SKU-2007,standard,372.5,3310,1232975.0,2.0,3,14.1,4.0,2,0.275,0.0,B
SKU-0924,consumable,47.0,26208,1231776.0,2.0,5,5.4,0.9,5,0.495,0.0,B
SKU-3415,consumable,25.55,48133,1229798.15,1.0,4,6.1,0.8,4,0.514,0.0,B
SKU-0187,consumable,43.93,27950,1227843.5,1.0,5,5.4,0.7,3,0.474,0.0,B
SKU-1755,consumable,30.87,39655,1224149.85,1.0,3,7.1,1.9,5,0.729,0.0,B
SKU-2847,consumable,35.96,33990,1222280.4,1.0,5,5.9,1.0,3,0.32,0.0,B
SKU-2990,consumable,24.75346153846154,33758,835627.35,1.0,5,9.4,1.5,4,0.578,0.0,B
SKU-3110,standard,415.64,2933,1219072.12,2.0,3,12.7,3.8,3,0.166,0.0,B
SKU-0707,expensive_strategic,32870.67,37,1216214.79,5.0,2,29.6,5.1,3,0.186,0.0,B
SKU-0792,standard,251.97,4815,1213235.55,2.0,2,13.6,2.0,3,0.208,1.0,B
SKU-2032,standard,1254.97,966,1212301.02,2.0,2,17.3,2.3,3,0.271,1.0,B
SKU-2993,standard,343.61,3516,1208132.76,3.0,3,29.3,6.7,2,0.127,0.0,B
SKU-0275,standard,599.17,2012,1205530.04,3.0,2,13.5,2.7,3,0.277,0.0,B
SKU-3017,standard,1039.4172661348805,779,809706.05,3.0,3,21.3,1.3,2,0.154,1.0,B
SKU-2615,expensive_strategic,14433.34,83,1197967.22,5.0,1,18.5,4.7,2,0.143,1.0,B
SKU-2105,consumable,40.51,29562,1197556.62,2.0,4,9.7,1.2,3,0.647,0.0,B
SKU-1666,consumable,26.66,44910,1197300.6,1.0,4,5.9,1.7,3,0.594,0.0,B
SKU-2411,standard,1719.75,696,1196946.0,2.0,2,13.5,3.1,2,0.125,1.0,B
SKU-3053,expensive_strategic,19600.28,61,1195617.08,5.0,2,31.5,5.6,2,0.193,0.0,B
SKU-0800,consumable,33.74,35319,1191663.06,1.0,4,7.0,1.0,4,0.55,0.0,B
SKU-2558,expensive_strategic,16774.21,71,1190968.91,5.0,2,30.3,9.5,3,0.175,2.0,B
SKU-2241,consumable,27.66,43028,1190154.48,2.0,5,4.7,1.9,3,0.315,0.0,B
SKU-0232,standard,1111.69,1070,1189508.3,3.0,3,10.8,3.3,3,0.325,1.0,B
SKU-2244,consumable,24.6,48143,1184317.8,1.0,5,4.9,0.7,3,0.384,0.0,B
SKU-2257,standard,372.0,3178,1182216.0,2.0,2,14.3,6.4,1,0.139,1.0,B
SKU-3367,expensive_strategic,5113.15,231,1181137.65,5.0,2,31.5,4.9,3,0.129,0.0,B
SKU-3444,consumable,27.39,43108,1180728.12,1.0,3,8.2,1.1,3,0.355,0.0,B
SKU-1374,standard,1149.21,1027,1180238.67,2.0,3,17.8,4.5,3,0.197,1.0,B
SKU-0574,standard,1862.58,632,1177150.56,2.0,3,26.4,5.3,3,0.237,0.0,B
SKU-0427,standard,783.99,1499,1175201.01,2.0,2,8.9,2.2,2,0.179,0.0,B
SKU-2156,expensive_strategic,8509.23,138,1174273.74,4.0,2,44.8,6.9,3,0.093,2.0,B
SKU-1923,standard,1495.45,785,1173928.25,3.0,2,8.4,5.0,2,0.236,1.0,B
SKU-2975,standard,253.66,4626,1173431.16,2.0,3,20.5,2.9,3,0.157,0.0,B
SKU-3320,consumable,40.22,29170,1173217.4,1.0,3,3.3,0.6,5,0.437,0.0,B
SKU-0054,consumable,27.98,41863,1171326.74,1.0,3,5.5,1.8,4,0.353,0.0,B
SKU-3397,consumable,42.55,27519,1170933.45,1.0,3,3.3,1.4,5,0.641,0.0,B
SKU-0821,consumable,30.86,37903,1169686.58,2.0,3,7.5,1.0,5,0.782,0.0,B
SKU-0923,consumable,23.91,48899,1169175.09,1.0,5,9.8,1.8,3,0.644,0.0,B
SKU-2426,consumable,24.49,47642,1166752.58,2.0,5,4.9,1.6,4,0.785,0.0,B
SKU-2731,standard,1198.12,971,1163374.52,3.0,2,26.6,6.9,2,0.205,0.0,B
SKU-1010,standard,283.45,4103,1162995.35,2.0,2,10.1,4.8,1,0.23,1.0,B
SKU-0417,expensive_strategic,5813.65,200,1162730.0,5.0,1,16.1,9.4,2,0.175,0.0,B
SKU-1780,consumable,24.54,47328,1161429.12,1.0,3,7.2,1.1,3,0.646,0.0,B
SKU-2536,consumable,33.09,35077,1160697.93,1.0,3,5.9,2.0,5,0.758,0.0,B
SKU-1415,standard,425.45,2723,1158500.35,3.0,2,17.0,4.7,3,0.256,1.0,B
SKU-2180,standard,1417.56,817,1158146.52,2.0,2,20.2,3.4,2,0.279,0.0,B
SKU-2174,consumable,31.13,37189,1157693.57,2.0,5,2.7,1.0,3,0.497,0.0,B
SKU-0576,consumable,24.75346153846154,35743,884762.98,1.0,4,4.2,1.8,4,0.716,0.0,B
SKU-2234,consumable,45.28,25489,1154141.92,1.0,3,9.7,0.7,5,0.576,0.0,B
SKU-1177,consumable,36.8,31358,1153974.4,1.0,5,5.7,0.7,3,0.505,0.0,B
SKU-2488,consumable,23.91,48182,1152031.62,2.0,4,4.7,1.8,5,0.512,0.0,B
SKU-1882,consumable,33.71,34124,1150320.04,2.0,5,4.1,1.0,5,0.419,0.0,B
SKU-1456,consumable,23.6,48680,1148848.0,2.0,5,9.6,1.5,4,0.555,0.0,B
SKU-2140,consumable,35.85,32006,1147415.1,1.0,3,9.0,1.1,3,0.641,0.0,B
SKU-0407,standard,275.78,4159,1146969.02,3.0,3,18.9,6.6,2,0.26,1.0,B
SKU-2513,standard,1857.16,616,1144010.56,2.0,3,18.9,2.5,2,0.158,0.0,B
SKU-2876,standard,1136.82,1005,1142504.1,3.0,2,28.8,5.4,2,0.278,0.0,B
SKU-0280,consumable,49.78,22876,1138767.28,2.0,5,3.9,1.8,3,0.328,0.0,B
SKU-3299,standard,519.08,2191,1137304.28,3.0,2,19.0,3.3,3,0.284,0.0,B
SKU-3198,consumable,34.53,32937,1137314.61,1.0,5,7.2,1.7,4,0.778,0.0,B
SKU-3135,expensive_strategic,12355.3,92,1136687.6,4.0,2,31.2,3.0,3,0.141,2.0,B
SKU-2652,standard,627.04,1804,1131180.16,2.0,3,12.8,1.3,3,0.266,1.0,B
SKU-2018,consumable,36.13,31262,1129496.06,1.0,3,7.3,1.5,5,0.704,0.0,B
SKU-0802,expensive_strategic,38876.77,29,1127426.33,5.0,2,38.0,3.3,3,0.15,2.0,B
SKU-2640,standard,1285.68,876,1126255.68,2.0,3,23.0,1.2,3,0.23,0.0,B
SKU-3154,standard,357.96,3146,1126142.16,3.0,2,12.8,5.6,3,0.279,0.0,B
SKU-0420,consumable,48.12,23372,1124660.64,2.0,3,8.7,0.8,3,0.581,0.0,B
SKU-0654,standard,536.84,2092,1123069.28,2.0,3,18.9,4.9,2,0.242,1.0,B
SKU-2029,expensive_strategic,48776.58,23,1121861.34,5.0,1,29.4,4.3,2,0.143,2.0,B
SKU-3453,standard,304.42,3681,1120570.02,3.0,2,8.5,5.2,2,0.268,1.0,B
SKU-1122,consumable,29.28,38234,1119491.52,2.0,3,2.3,0.9,5,0.51,0.0,B
SKU-1064,standard,424.63,2632,1117626.16,3.0,2,22.2,4.7,2,0.174,0.0,B
SKU-1553,consumable,39.74,28106,1116932.44,2.0,4,4.0,0.9,4,0.431,0.0,B
SKU-2224,expensive_strategic,15267.53,73,1114529.69,5.0,2,44.5,3.2,2,0.066,0.0,B
SKU-1028,consumable,35.96,30992,1114472.32,2.0,5,3.9,1.9,4,0.509,0.0,B
SKU-3403,consumable,35.55,31330,1113781.5,1.0,3,9.8,1.0,5,0.322,0.0,B
SKU-3451,standard,1437.66,774,1112748.84,2.0,3,13.9,1.7,2,0.289,0.0,B
SKU-0352,consumable,29.53,37674,1112513.22,1.0,5,5.8,1.7,3,0.472,0.0,B
SKU-1235,standard,476.88,2331,1111607.28,2.0,2,25.7,1.7,3,0.282,0.0,B
SKU-2644,standard,236.67,4696,1111402.32,3.0,3,18.1,2.8,3,0.131,0.0,B
SKU-2022,standard,760.42,1458,1108692.36,3.0,2,21.0,4.7,2,0.316,0.0,B
SKU-1660,standard,455.01,2435,1107949.35,3.0,3,12.0,1.4,2,0.18,0.0,B
SKU-1295,consumable,33.44,33103,1106964.32,1.0,3,8.1,1.4,5,0.577,0.0,B
SKU-3277,consumable,46.76,23664,1106528.64,1.0,4,5.9,1.9,5,0.62,0.0,B
SKU-0192,consumable,27.38,40405,1106288.9,1.0,4,2.8,1.6,4,0.729,0.0,B
SKU-0762,expensive_strategic,17841.26,62,1106158.12,5.0,2,41.3,7.1,2,0.069,2.0,B
SKU-2312,consumable,40.96,26985,1105305.6,2.0,3,6.6,1.8,4,0.546,0.0,B
SKU-0798,standard,744.41,1484,1104704.44,2.0,3,24.8,3.0,3,0.303,1.0,B
SKU-1640,consumable,40.25,27379,1102004.75,2.0,3,2.2,0.6,3,0.695,0.0,B
SKU-0919,consumable,40.41,27199,1099111.59,1.0,4,5.6,1.7,3,0.555,0.0,B
SKU-2573,expensive_strategic,5063.98,217,1098883.66,5.0,2,38.6,3.2,2,0.159,1.0,B
SKU-1077,standard,517.78,2119,1097175.82,3.0,3,23.0,6.6,2,0.288,0.0,B
SKU-2215,standard,439.57,2495,1096727.15,3.0,3,16.9,5.9,2,0.194,1.0,B
SKU-3470,expensive_strategic,19939.9,55,1096694.5,5.0,1,21.4,5.4,3,0.155,1.0,B
SKU-3457,standard,299.72,3657,1096076.04,3.0,2,19.9,3.4,3,0.168,1.0,B
SKU-2923,consumable,32.07,34165,1095671.55,2.0,5,3.0,1.2,3,0.611,0.0,B
SKU-0871,standard,632.25,1729,1093160.25,3.0,3,14.1,4.1,2,0.156,1.0,B
SKU-1699,consumable,24.75346153846154,48429,1198785.39,2.0,4,8.6,1.6,3,0.313,0.0,B
SKU-3361,consumable,38.24,28544,1091522.56,1.0,4,5.3,1.5,3,0.486,0.0,B
SKU-3146,standard,1618.37,674,1090781.38,3.0,3,29.5,5.3,2,0.293,1.0,B
SKU-2817,standard,1632.44,666,1087205.04,2.0,3,8.2,5.7,3,0.221,1.0,B
SKU-0877,standard,1490.37,728,1084989.36,2.0,2,13.2,3.1,3,0.277,0.0,B
SKU-0764,standard,1923.29,562,1080888.98,3.0,2,16.5,3.4,3,0.241,1.0,B
SKU-1611,consumable,34.46,31353,1080424.38,1.0,4,5.8,1.0,4,0.475,0.0,B
SKU-2963,expensive_strategic,16878.13,64,1080200.32,5.0,1,22.6,3.9,2,0.189,1.0,B
SKU-0561,standard,313.96,3440,1080022.4,2.0,3,18.3,3.6,2,0.196,1.0,B
SKU-1713,consumable,34.48,31268,1078120.64,1.0,3,3.7,1.4,5,0.657,0.0,B
SKU-0436,standard,1241.02,867,1075964.34,2.0,2,21.8,6.4,2,0.257,0.0,B
SKU-1325,consumable,46.28,23233,1075223.24,1.0,3,9.7,0.6,4,0.495,0.0,B
SKU-0205,standard,1065.47,1005,1070797.35,2.0,3,24.8,3.1,2,0.257,0.0,B
SKU-0767,consumable,24.75346153846154,47045,1164526.6,2.0,5,4.1,1.8,3,0.434,0.0,B
SKU-0195,expensive_strategic,15076.61,71,1070439.31,5.0,1,41.3,9.3,2,0.161,1.0,B
SKU-2123,consumable,36.96,28945,1069807.2,1.0,5,4.8,0.7,4,0.78,0.0,B
SKU-2606,standard,630.13,1693,1066810.09,3.0,3,15.1,3.7,2,0.19,1.0,B
SKU-2775,standard,1080.38,987,1066335.06,2.0,2,10.1,6.3,3,0.125,0.0,B
SKU-2985,standard,367.89,2897,1065777.33,2.0,2,12.7,3.0,3,0.337,1.0,B
SKU-2495,standard,304.2,3502,1065308.4,3.0,3,140.0,4.4,2,0.118,1.0,B
SKU-3365,consumable,25.38,41954,1064792.52,2.0,4,5.0,1.7,3,0.596,0.0,B
SKU-0826,consumable,29.0,36690,1064010.0,1.0,3,7.4,1.4,4,0.34,0.0,B
SKU-0141,consumable,24.28,43814,1063803.92,1.0,5,5.5,1.4,5,0.691,0.0,B
SKU-1956,consumable,34.02,31267,1063703.34,1.0,5,6.7,1.1,4,0.728,0.0,B
SKU-0675,standard,1417.27,749,1061535.23,2.0,3,18.9,5.0,3,0.35,0.0,B
SKU-2873,consumable,21.78,48726,1061252.28,2.0,4,7.8,1.9,5,0.712,0.0,B
SKU-1420,consumable,45.52,23310,1061071.2,1.0,3,6.6,1.7,4,0.463,0.0,B
SKU-0224,standard,491.36,2159,1060846.24,3.0,3,29.5,2.5,2,0.197,1.0,B
SKU-2460,standard,396.77,2669,1058979.13,3.0,3,21.0,5.8,2,0.174,0.0,B
SKU-2501,consumable,21.58,48937,1056060.46,2.0,4,7.5,1.7,4,0.383,0.0,B
SKU-3433,consumable,33.11,31893,1055977.23,1.0,5,9.8,0.8,4,0.496,0.0,B
SKU-1219,standard,644.65,1636,1054647.4,3.0,3,22.6,5.9,3,0.225,1.0,B
SKU-0389,consumable,22.92,45912,1052303.04,2.0,5,4.6,1.3,4,0.478,0.0,B
SKU-1883,standard,1210.02,865,1046667.3,3.0,3,18.8,5.2,2,0.173,0.0,B
SKU-3222,expensive_strategic,29895.66,35,1046348.1,5.0,2,15.2,3.6,3,0.123,1.0,B
SKU-0396,consumable,26.88,38789,1042648.32,1.0,5,5.1,1.8,3,0.693,0.0,B
SKU-1866,consumable,49.77,20933,1041835.41,1.0,3,2.7,2.0,4,0.699,0.0,B
SKU-2823,standard,1524.81,683,1041445.23,2.0,2,14.4,3.6,3,0.336,0.0,B
SKU-1741,consumable,32.63,31858,1039526.54,1.0,5,9.4,1.4,5,0.416,0.0,B
SKU-0913,standard,734.86,1414,1039092.04,2.0,2,16.6,3.7,3,0.339,0.0,B
SKU-0908,expensive_strategic,11386.99,91,1036216.09,4.0,1,33.7,4.3,3,0.146,1.0,B
SKU-0135,consumable,32.63,31720,1035023.6,2.0,5,6.7,1.2,3,0.339,0.0,B
SKU-0989,expensive_strategic,21550.42,48,1034420.16,5.0,1,44.6,8.7,3,0.155,2.0,B
SKU-1078,standard,419.02,2468,1034141.36,2.0,3,12.9,4.2,3,0.119,0.0,B
SKU-2917,standard,288.45,3582,1033227.9,3.0,2,24.0,5.7,3,0.172,1.0,B
SKU-0039,standard,1247.21,827,1031442.67,3.0,2,23.9,4.2,3,0.271,1.0,B
SKU-2601,standard,540.77,1906,1030707.62,3.0,5,24.7,4.3,3,0.218,1.0,B
SKU-3016,expensive_strategic,46784.38,22,1029256.36,4.0,2,36.3,9.3,3,0.16,2.0,B
SKU-2432,consumable,35.31,29143,1029039.33,1.0,5,7.4,2.0,5,0.599,0.0,B
SKU-0138,standard,422.76,2426,1025615.76,3.0,2,24.6,3.5,3,0.106,0.0,B
SKU-2471,expensive_strategic,8811.24,116,1022103.84,5.0,2,36.1,3.6,2,0.143,2.0,B
SKU-0507,consumable,42.04,24286,1020983.44,2.0,3,6.8,0.6,4,0.516,0.0,B
SKU-1305,standard,1719.25,593,1019515.25,3.0,3,24.8,2.3,2,0.262,1.0,B
SKU-2230,expensive_strategic,33923.01,30,1017690.3,4.0,1,30.4,8.4,2,0.153,2.0,B
SKU-1214,consumable,41.81,24331,1017279.11,1.0,4,2.6,1.2,4,0.606,0.0,B
SKU-0382,standard,344.91,2937,1013000.67,2.0,3,18.9,5.7,3,0.124,0.0,B
SKU-0163,standard,498.41,2031,1012270.71,3.0,2,8.9,3.3,3,0.295,0.0,B
SKU-3310,standard,1221.73,828,1011592.44,2.0,3,13.4,2.3,2,0.202,1.0,B
SKU-1139,standard,1039.4172661348805,1264,1313823.42,2.0,3,18.3,5.6,3,0.142,0.0,B
SKU-2694,standard,1159.25,872,1010866.0,3.0,3,20.0,1.9,2,0.202,0.0,B
SKU-0229,consumable,27.23,37110,1010505.3,1.0,3,4.3,1.3,3,0.718,0.0,B
SKU-2221,standard,507.65,1990,1010223.5,3.0,3,8.2,4.4,2,0.142,0.0,B
SKU-2187,consumable,23.23,43378,1007670.94,1.0,3,2.3,0.9,5,0.309,0.0,B
SKU-2229,expensive_strategic,12917.45,78,1007561.1,5.0,1,38.6,7.6,3,0.192,1.0,B
SKU-3239,standard,1206.67,833,1005156.11,2.0,3,12.2,2.6,3,0.132,0.0,B
SKU-0201,standard,1909.78,526,1004544.28,3.0,2,23.1,2.2,2,0.226,1.0,B
SKU-3185,standard,657.74,1520,999764.8,3.0,3,21.4,4.8,2,0.237,0.0,B
SKU-2680,standard,1527.86,653,997692.58,3.0,3,9.9,3.2,3,0.257,0.0,B
SKU-0231,consumable,26.85,37077,995517.45,2.0,3,8.6,0.7,5,0.451,0.0,B
SKU-0808,consumable,26.09,38117,994472.53,1.0,3,2.5,1.3,3,0.314,0.0,B
SKU-0680,consumable,42.11,23588,993290.68,2.0,3,3.1,1.5,3,0.437,0.0,B
SKU-2822,expensive_strategic,28359.47,35,992581.45,5.0,1,16.9,5.7,2,0.193,1.0,B
SKU-0310,expensive_strategic,7218.9,137,988989.3,4.0,2,42.0,3.9,2,0.191,1.0,B
SKU-2008,consumable,32.92,29987,987172.04,1.0,3,8.7,1.0,5,0.662,0.0,B
SKU-1762,consumable,49.91,19755,985972.05,2.0,5,4.4,1.9,5,0.342,0.0,B
SKU-0793,standard,1494.74,659,985033.66,3.0,2,10.4,1.6,2,0.333,0.0,B
SKU-1513,consumable,27.93,35247,984448.71,1.0,3,4.1,0.9,5,0.773,0.0,B
SKU-3130,consumable,26.58,37018,983938.44,2.0,5,5.1,1.3,4,0.474,0.0,B
SKU-2860,expensive_strategic,22294.29,44,980948.76,4.0,2,26.6,7.9,2,0.191,2.0,B
SKU-0981,expensive_strategic,42576.06,23,979249.38,5.0,1,43.4,5.8,3,0.153,1.0,B
SKU-3289,consumable,20.31,48078,976464.18,2.0,3,8.0,1.5,4,0.385,0.0,B
SKU-2120,consumable,32.52,30011,975957.72,1.0,5,7.6,1.9,5,0.481,0.0,B
SKU-2074,consumable,35.44,27528,975592.32,1.0,5,3.3,0.7,5,0.579,0.0,B
SKU-0817,standard,1294.57,752,973516.64,3.0,3,16.8,2.2,3,0.318,1.0,B
SKU-1124,consumable,33.42,29106,972722.52,1.0,4,9.3,1.9,5,0.329,0.0,B
SKU-2099,consumable,22.42,43343,971750.06,2.0,4,6.8,2.0,4,0.333,0.0,B
SKU-1716,consumable,36.87,26323,970529.01,2.0,4,7.9,1.0,5,0.51,0.0,B
SKU-3276,consumable,29.37,32990,968916.3,2.0,5,7.1,0.6,4,0.447,0.0,B
SKU-1180,standard,211.27,4578,967194.06,3.0,2,24.9,4.6,2,0.133,0.0,B
SKU-3405,standard,1272.4,760,967024.0,3.0,3,29.5,1.6,2,0.332,1.0,B
SKU-0807,consumable,29.1,33161,964985.1,2.0,4,2.1,0.6,4,0.393,0.0,B
SKU-2005,expensive_strategic,8310.25,116,963989.0,5.0,2,23.7,7.2,2,0.142,2.0,B
SKU-1908,standard,490.84,1960,962046.4,3.0,2,17.4,2.2,3,0.211,0.0,B
SKU-1445,consumable,28.46,33795,961805.7,2.0,3,4.1,1.3,3,0.391,0.0,B
SKU-0550,consumable,23.58,40749,960861.42,2.0,5,8.1,0.5,5,0.733,0.0,B
SKU-3029,standard,880.83,1090,960104.7,3.0,5,13.1,4.4,2,0.215,0.0,B
SKU-0915,standard,1214.96,790,959818.4,3.0,3,20.4,2.5,3,0.195,1.0,B
SKU-0006,expensive_strategic,16540.84,58,959368.72,5.0,1,24.1,9.8,3,0.171,2.0,B
SKU-0667,expensive_strategic,14951.64,64,956904.96,4.0,1,29.4,3.3,2,0.07,0.0,B
SKU-2333,standard,207.99,4587,954050.13,2.0,3,10.7,2.4,3,0.132,0.0,B
SKU-0379,consumable,32.51,29253,951015.03,1.0,5,7.0,0.9,5,0.36,0.0,B
SKU-3331,standard,1246.65,760,947454.0,2.0,3,25.8,1.5,2,0.127,1.0,B
SKU-1422,standard,1264.84,749,947365.16,3.0,2,22.7,4.9,2,0.207,1.0,B
SKU-1425,consumable,31.46,30097,946851.62,2.0,3,9.2,1.6,3,0.641,0.0,B
SKU-0728,consumable,25.92,36497,946002.24,1.0,4,7.1,1.8,5,0.498,0.0,B
SKU-1894,expensive_strategic,12094.73,78,943388.94,4.0,1,34.2,9.5,2,0.088,2.0,B
SKU-3435,standard,392.61,2402,943049.22,2.0,2,9.2,3.1,2,0.22,0.0,B
SKU-3189,consumable,23.86,39521,942971.06,2.0,3,2.4,0.7,5,0.582,0.0,B
SKU-0321,standard,1376.15,685,942662.75,2.0,3,28.0,5.9,3,0.28,1.0,B
SKU-0405,expensive_strategic,44708.41,21,938876.61,4.0,2,24.6,7.2,2,0.125,1.0,B
SKU-1853,consumable,33.19,28263,938048.97,2.0,4,5.0,0.6,3,0.659,0.0,B
SKU-2539,consumable,35.21,26618,937219.78,1.0,3,6.2,1.0,4,0.598,0.0,B
SKU-0276,standard,204.44,4572,934699.68,2.0,2,18.9,5.4,2,0.228,0.0,B
SKU-0288,standard,761.3,1227,934115.1,2.0,3,14.4,6.3,3,0.232,1.0,B
SKU-2318,standard,1966.29,475,933987.75,2.0,3,23.8,5.1,3,0.213,0.0,B
SKU-0161,standard,193.52,4816,931992.32,3.0,2,7.0,6.4,3,0.315,1.0,B
SKU-2702,consumable,47.62,19560,931447.2,1.0,4,7.9,1.9,4,0.455,0.0,B
SKU-0490,consumable,21.42,43487,931491.54,2.0,3,6.5,1.9,4,0.744,0.0,B
SKU-0247,standard,289.2,3218,930645.6,3.0,3,19.3,6.2,1,0.12,0.0,B
SKU-0068,consumable,41.91,22164,928893.24,1.0,5,4.1,0.9,4,0.763,0.0,B
SKU-3206,consumable,32.45,28563,926869.35,2.0,5,8.0,1.0,4,0.783,0.0,B
SKU-0740,standard,271.37,3406,924286.22,2.0,3,29.3,5.5,2,0.297,0.0,B
SKU-2147,standard,1773.26,521,923868.46,3.0,3,14.1,2.1,2,0.133,0.0,B
SKU-1241,consumable,38.28,24123,923428.44,2.0,4,9.8,0.8,5,0.673,0.0,B
SKU-1725,standard,224.79,4107,923212.53,2.0,2,28.5,3.7,3,0.162,0.0,B
SKU-0497,standard,694.16,1329,922538.64,2.0,3,16.8,4.3,2,0.179,0.0,B
SKU-2699,consumable,20.03,46036,922101.08,2.0,5,6.2,0.8,4,0.514,0.0,B
SKU-0421,consumable,38.35,24027,921435.45,1.0,4,6.6,1.8,4,0.568,0.0,B
SKU-3125,standard,1164.78,791,921340.98,3.0,2,21.3,1.1,2,0.162,0.0,B
SKU-2084,consumable,41.06,22437,921263.22,1.0,3,5.5,1.3,5,0.663,0.0,B
SKU-1963,consumable,30.01,30675,920556.75,2.0,5,6.4,1.4,4,0.536,0.0,B
SKU-1065,standard,825.77,1114,919907.78,3.0,2,20.4,5.5,3,0.195,1.0,B
SKU-2465,standard,837.01,1097,918199.97,2.0,3,28.4,5.1,3,0.314,1.0,B
SKU-0661,standard,1039.4172661348805,1919,1994641.73,3.0,2,143.0,6.8,3,0.208,1.0,B
SKU-0785,expensive_strategic,18924.46,48,908374.08,5.0,1,27.8,7.6,3,0.052,1.0,B
SKU-0888,expensive_strategic,5534.21,164,907610.44,4.0,1,36.5,7.3,2,0.181,2.0,B
SKU-2622,consumable,44.94,20173,906574.62,1.0,5,7.4,0.8,4,0.335,0.0,B
SKU-1123,consumable,48.49,18665,905065.85,1.0,4,6.0,0.5,3,0.611,0.0,B
SKU-2160,standard,406.61,2225,904707.25,3.0,3,27.2,2.0,3,0.343,0.0,B
SKU-1198,consumable,23.76,38080,904780.8,1.0,4,6.0,1.1,4,0.693,0.0,C
SKU-2028,consumable,19.38,46640,903883.2,2.0,4,4.1,1.8,5,0.37,0.0,C
SKU-2617,standard,749.31,1206,903667.86,2.0,2,26.6,2.9,2,0.29,0.0,C
SKU-1782,consumable,49.49,18251,903241.99,1.0,3,5.1,1.5,1,0.574,0.0,C
SKU-2226,standard,284.13,3176,902396.88,3.0,2,24.1,3.0,3,0.13,0.0,C
SKU-3407,consumable,42.81,21069,901963.89,2.0,4,4.7,0.6,4,0.671,0.0,C
SKU-3056,consumable,35.09,25702,901883.18,1.0,5,6.1,0.6,3,0.552,0.0,C
SKU-3287,standard,1066.63,845,901302.35,2.0,3,17.9,2.7,2,0.171,0.0,C
SKU-1751,standard,1162.22,775,900720.5,2.0,3,93.0,7.0,2,0.147,1.0,C
SKU-3231,standard,1210.57,744,900664.08,2.0,2,17.5,1.8,3,0.254,1.0,C
SKU-0399,consumable,40.29,22322,899353.38,2.0,4,2.9,1.8,3,0.678,0.0,C
SKU-1860,standard,1459.17,616,898848.72,3.0,2,23.4,6.6,2,0.169,1.0,C
SKU-0175,standard,267.49,3358,898231.42,2.0,2,26.2,4.3,3,0.2,0.0,C
SKU-0350,standard,207.59,4326,898034.34,3.0,2,28.4,4.0,3,0.221,1.0,C
SKU-2948,standard,524.27,1712,897550.24,3.0,2,24.0,1.5,3,0.288,1.0,C
SKU-2400,standard,1597.47,561,896180.67,3.0,3,20.2,1.2,3,0.292,1.0,C
SKU-0674,standard,1287.39,693,892161.27,3.0,2,22.3,3.1,2,0.116,0.0,C
SKU-1719,consumable,23.87,37343,891377.41,2.0,5,2.7,1.8,5,0.402,0.0,C
SKU-3237,expensive_strategic,7530.23,118,888567.14,5.0,2,39.7,5.6,2,0.107,2.0,C
SKU-0076,standard,1830.53,484,885976.52,3.0,2,13.2,3.2,3,0.131,1.0,C
SKU-2049,standard,226.07,3918,885742.26,2.0,3,14.4,4.4,3,0.188,1.0,C
SKU-2277,standard,316.11,2795,883527.45,3.0,2,11.3,5.3,2,0.189,0.0,C
SKU-1224,consumable,19.9,44397,883500.3,2.0,4,3.7,2.0,5,0.409,0.0,C
SKU-1617,consumable,29.08,30334,882112.72,1.0,4,4.8,0.9,5,0.732,0.0,C
SKU-2467,standard,1287.8,684,880855.2,3.0,3,23.1,1.3,3,0.209,1.0,C
SKU-2964,consumable,27.92,31518,879982.56,2.0,3,7.7,1.9,4,0.43,0.0,C
SKU-3368,expensive_strategic,5534.89,159,880047.51,5.0,1,30.5,9.6,3,0.096,0.0,C
SKU-1147,consumable,24.75346153846154,29349,726489.34,1.0,5,9.9,0.6,4,0.477,0.0,C
SKU-1342,standard,1147.83,760,872350.8,3.0,2,26.0,6.3,3,0.165,1.0,C
SKU-1478,consumable,40.31,21615,871300.65,2.0,3,5.2,0.9,4,0.522,0.0,C
SKU-0552,consumable,46.75,18570,868147.5,1.0,4,6.0,0.6,5,0.352,0.0,C
SKU-0535,consumable,32.17,26964,867431.88,2.0,5,8.7,0.9,3,0.731,0.0,C
SKU-1886,standard,240.05,3612,867060.6,3.0,3,20.1,6.6,3,0.258,0.0,C
SKU-2836,consumable,34.69,24983,866660.27,1.0,5,8.0,1.6,4,0.389,0.0,C
SKU-2844,consumable,38.18,22691,866342.38,1.0,5,5.5,0.9,3,0.353,0.0,C
SKU-0575,consumable,25.15,34439,866140.85,2.0,4,9.2,1.5,5,0.482,0.0,C
SKU-2013,consumable,36.39,23728,863461.92,1.0,5,2.7,0.8,3,0.728,0.0,C
SKU-3416,standard,553.28,1560,863116.8,2.0,3,23.7,6.6,2,0.163,0.0,C
SKU-2188,consumable,27.72,31134,863034.48,1.0,3,7.8,1.5,4,0.597,0.0,C
SKU-1917,consumable,18.08,47716,862705.28,2.0,5,4.1,0.7,3,0.388,0.0,C
SKU-0316,standard,204.69,4201,859902.69,3.0,3,28.4,4.8,3,0.199,0.0,C
SKU-3326,consumable,17.57,48911,859366.27,1.0,4,5.1,1.0,5,0.627,0.0,C
SKU-1062,consumable,37.67,22797,858762.99,2.0,5,5.2,1.0,4,0.514,0.0,C
SKU-1775,consumable,48.38,17737,858116.06,1.0,5,3.4,1.7,5,0.364,0.0,C
SKU-3394,expensive_strategic,38972.26,22,857389.72,5.0,1,43.4,6.4,3,0.105,2.0,C
SKU-2305,consumable,44.32,19308,855730.56,1.0,3,7.7,0.6,3,0.722,0.0,C
SKU-1454,standard,424.42,2014,854781.88,3.0,2,26.5,3.3,3,0.253,1.0,C
SKU-2474,standard,1520.58,562,854565.96,3.0,2,8.1,5.0,2,0.273,0.0,C
SKU-1988,standard,690.45,1237,854086.65,2.0,2,18.8,5.9,2,0.255,1.0,C
SKU-1502,standard,493.44,1728,852664.32,3.0,3,12.2,6.3,2,0.304,0.0,C
SKU-2549,standard,693.86,1226,850672.36,3.0,2,7.5,2.6,3,0.157,1.0,C
SKU-1023,consumable,22.18,38305,849604.9,1.0,3,9.4,1.2,3,0.715,0.0,C
SKU-2452,consumable,24.84,34152,848335.68,1.0,3,5.0,1.1,5,0.341,0.0,C
SKU-2464,standard,576.16,1471,847531.36,2.0,3,7.0,3.8,2,0.228,1.0,C
SKU-2438,expensive_strategic,21729.47,39,847449.33,4.0,1,18.4,8.8,3,0.115,2.0,C
SKU-0572,consumable,22.08,38361,847010.88,1.0,4,5.5,1.6,3,0.603,0.0,C
SKU-2278,standard,458.96,1834,841732.64,3.0,2,15.4,5.8,2,0.181,1.0,C
SKU-3382,standard,263.05,3197,840970.85,2.0,2,13.1,3.8,2,0.327,0.0,C
SKU-2021,consumable,28.45,29486,838876.7,2.0,4,6.9,1.3,4,0.612,0.0,C
SKU-2799,consumable,40.27,20816,838260.32,1.0,4,4.7,0.8,4,0.405,0.0,C
SKU-1460,standard,458.34,1827,837387.18,3.0,2,19.9,5.0,2,0.197,1.0,C
SKU-2311,standard,253.54,3301,836935.54,3.0,2,25.8,6.9,3,0.193,0.0,C
SKU-0367,consumable,21.22,39411,836301.42,1.0,3,6.0,0.9,5,0.567,0.0,C
SKU-0768,consumable,17.11,48723,833650.53,1.0,3,2.5,0.9,5,0.456,0.0,C
SKU-2508,standard,1177.17,708,833436.36,3.0,2,8.4,5.7,3,0.189,1.0,C
SKU-2108,consumable,26.85,31036,833316.6,1.0,3,2.5,1.1,5,0.415,0.0,C
SKU-2289,standard,464.03,1793,832005.79,3.0,3,19.2,1.7,3,0.182,1.0,C
SKU-2636,standard,635.98,1307,831225.86,3.0,3,16.1,6.4,3,0.184,1.0,C
SKU-1226,standard,223.87,3713,831229.31,2.0,3,8.6,5.6,3,0.216,1.0,C
SKU-2430,consumable,37.93,21897,830553.21,2.0,5,3.3,0.6,5,0.432,0.0,C
SKU-0261,standard,209.04,3957,827171.28,3.0,3,10.5,4.6,3,0.299,1.0,C
SKU-1346,standard,613.18,1349,827179.82,2.0,3,10.3,1.6,2,0.313,0.0,C
SKU-3303,standard,1338.17,618,826989.06,2.0,3,26.6,2.2,3,0.289,1.0,C
SKU-2718,consumable,34.88,23650,824912.0,2.0,3,2.5,1.7,5,0.348,0.0,C
SKU-1361,consumable,26.3,31346,824399.8,2.0,5,5.7,2.0,5,0.617,0.0,C
SKU-3485,standard,972.92,847,824063.24,3.0,2,26.1,1.6,3,0.214,1.0,C
SKU-1679,expensive_strategic,20587.97,40,823518.8,4.0,2,28.3,5.3,3,0.1,0.0,C
SKU-2313,standard,262.39,3138,823379.82,3.0,3,12.9,6.6,3,0.338,1.0,C
SKU-0311,standard,1942.03,423,821478.69,3.0,3,9.6,5.4,2,0.315,1.0,C
SKU-3309,standard,175.86,4671,821442.06,2.0,2,29.5,6.1,3,0.106,1.0,C
SKU-1496,standard,794.27,1032,819686.64,3.0,3,14.9,4.9,2,0.324,0.0,C
SKU-3085,standard,584.83,1396,816422.68,3.0,3,25.3,6.8,2,0.282,1.0,C
SKU-3447,consumable,31.7,25703,814785.1,2.0,3,6.5,1.1,5,0.646,0.0,C
SKU-2254,consumable,30.33,26817,813359.61,2.0,3,6.0,1.9,4,0.382,0.0,C
SKU-2919,standard,490.85,1655,812356.75,3.0,2,21.4,5.9,3,0.235,0.0,C
SKU-1500,consumable,17.1,47485,811993.5,2.0,3,9.2,0.9,3,0.496,0.0,C
SKU-2926,consumable,31.01,26130,810291.3,1.0,4,2.9,1.8,4,0.362,0.0,C
SKU-1479,consumable,47.3,17130,810249.0,2.0,5,2.0,1.0,3,0.756,0.0,C
SKU-1612,standard,350.99,2303,808329.97,2.0,3,7.7,5.0,2,0.344,1.0,C
SKU-2689,standard,1611.71,501,807466.71,3.0,3,24.5,3.1,3,0.186,1.0,C
SKU-3204,consumable,48.86,16515,806922.9,1.0,5,9.8,1.5,3,0.382,0.0,C
SKU-3238,consumable,21.14,38081,805032.34,1.0,4,7.8,0.6,3,0.764,0.0,C
SKU-0144,expensive_strategic,21745.41,37,804580.17,4.0,2,41.0,3.4,3,0.184,2.0,C
SKU-2435,consumable,40.66,19782,804336.12,2.0,5,5.6,0.8,4,0.643,0.0,C
SKU-1449,consumable,43.26,18580,803770.8,1.0,4,3.3,0.6,3,0.531,0.0,C
SKU-2502,consumable,21.32,37636,802399.52,1.0,5,4.3,1.4,1,0.421,0.0,C
SKU-1184,consumable,43.1,18562,800022.2,2.0,4,8.8,1.3,5,0.482,0.0,C
SKU-2416,consumable,21.52,37098,798348.96,1.0,5,5.5,1.4,5,0.766,0.0,C
SKU-0571,standard,1039.4172661348805,839,872071.09,2.0,3,14.4,6.8,3,0.137,1.0,C
SKU-1740,standard,296.83,2683,796394.89,3.0,2,14.0,4.9,3,0.158,0.0,C
SKU-3262,standard,430.22,1846,794186.12,2.0,3,14.1,6.0,2,0.145,0.0,C
SKU-1474,standard,169.48,4667,790963.16,2.0,3,16.5,2.2,3,0.279,0.0,C
SKU-2714,standard,363.95,2173,790863.35,2.0,2,27.6,6.6,3,0.161,1.0,C
SKU-2441,standard,823.27,960,790339.2,3.0,3,12.5,4.4,3,0.313,0.0,C
SKU-1396,consumable,16.76,47019,788038.44,1.0,5,2.2,0.7,5,0.327,0.0,C
SKU-2867,standard,325.66,2419,787771.54,3.0,2,18.9,2.5,2,0.286,0.0,C
SKU-3251,standard,1101.15,715,787322.25,3.0,2,16.2,3.0,3,0.1,0.0,C
SKU-2194,standard,168.26,4679,787288.54,3.0,2,23.1,5.4,3,0.15,1.0,C
SKU-1934,standard,168.75,4664,787050.0,3.0,3,22.0,2.9,3,0.282,1.0,C
SKU-0624,standard,196.13,4012,786873.56,3.0,2,17.1,6.2,2,0.123,0.0,C
SKU-0040,standard,669.89,1174,786450.86,3.0,2,10.8,1.7,2,0.189,0.0,C
SKU-0359,consumable,21.37,36790,786202.3,1.0,3,6.3,0.6,4,0.402,0.0,C
SKU-0052,consumable,33.16,23673,784996.68,2.0,3,9.4,1.8,5,0.509,0.0,C
SKU-1879,expensive_strategic,16672.62,47,783613.14,5.0,2,15.7,9.6,2,0.166,2.0,C
SKU-1304,standard,541.15,1448,783585.2,2.0,3,15.0,5.6,3,0.301,1.0,C
SKU-3493,consumable,21.84,35883,783684.72,2.0,5,6.0,2.0,5,0.631,0.0,C
SKU-2279,standard,211.4,3705,783237.0,2.0,3,13.4,3.0,2,0.246,1.0,C
SKU-1175,standard,231.35,3385,783119.75,2.0,3,29.2,1.0,3,0.156,1.0,C
SKU-0837,consumable,16.5,47353,781324.5,2.0,3,2.2,1.1,4,0.516,0.0,C
SKU-2620,expensive_strategic,15296.52,51,780122.52,4.0,2,30.5,6.3,2,0.189,1.0,C
SKU-1131,standard,181.73,4288,779258.24,2.0,2,25.4,1.4,3,0.312,1.0,C
SKU-1216,expensive_strategic,32311.5,24,775476.0,4.0,2,25.1,6.4,3,0.177,0.0,C
SKU-0085,expensive_strategic,13775.4,56,771422.4,5.0,1,38.0,4.8,3,0.127,2.0,C
SKU-1443,standard,180.31,4275,770825.25,3.0,2,15.9,2.5,2,0.169,1.0,C
SKU-1570,standard,655.14,1175,769789.5,3.0,3,24.5,1.3,2,0.131,1.0,C
SKU-0712,standard,816.78,940,767773.2,3.0,3,17.0,6.7,2,0.176,1.0,C
SKU-2952,standard,781.01,983,767732.83,2.0,2,27.5,3.7,3,0.23,0.0,C
SKU-0337,consumable,27.7,27691,767040.7,2.0,3,3.3,0.7,4,0.569,0.0,C
SKU-1181,consumable,47.41,16169,766572.29,1.0,4,2.1,1.5,3,0.773,0.0,C
SKU-2025,standard,174.47,4391,766097.77,3.0,3,18.2,3.7,2,0.291,0.0,C
SKU-0236,standard,1039.4172661348805,3291,3420722.22,3.0,2,18.6,3.0,3,0.309,0.0,C
SKU-0606,standard,237.89,3212,764102.68,2.0,3,28.9,3.4,3,0.308,0.0,C
SKU-1701,consumable,28.06,27206,763400.36,1.0,4,2.5,1.8,4,0.772,0.0,C
SKU-0716,consumable,16.35,46638,762531.3,1.0,3,6.7,0.6,3,0.651,0.0,C
SKU-1849,consumable,20.78,36549,759488.22,2.0,5,7.3,1.2,3,0.373,0.0,C
SKU-2072,standard,599.3,1267,759313.1,2.0,5,28.2,4.6,3,0.24,1.0,C
SKU-1991,consumable,29.27,25937,759175.99,2.0,5,8.3,1.5,3,0.329,0.0,C
SKU-1663,consumable,16.8,45042,756705.6,2.0,3,2.5,1.1,4,0.41,0.0,C
SKU-3104,standard,267.13,2833,756779.29,3.0,3,23.5,4.1,2,0.226,1.0,C
SKU-0546,standard,227.28,3329,756615.12,2.0,3,19.1,6.8,3,0.28,0.0,C
SKU-0152,expensive_strategic,5290.9,143,756598.7,4.0,1,22.3,3.6,2,0.138,2.0,C
SKU-3193,consumable,29.03,26036,755825.08,2.0,3,3.3,1.6,4,0.521,0.0,C
SKU-0532,consumable,30.73,24574,755159.02,1.0,5,6.0,0.9,5,0.478,0.0,C
SKU-0044,consumable,30.15,25000,753750.0,2.0,5,7.3,1.3,5,0.386,0.0,C
SKU-1748,expensive_strategic,17524.72,43,753562.96,5.0,2,17.3,5.8,2,0.136,1.0,C
SKU-1962,standard,1784.23,422,752945.06,2.0,3,21.1,3.6,2,0.326,0.0,C
SKU-0228,standard,260.1,2894,752729.4,2.0,5,112.0,3.6,3,0.285,0.0,C
SKU-0489,consumable,17.53,42916,752317.48,1.0,3,8.9,1.2,4,0.306,0.0,C
SKU-2973,consumable,18.28,41041,750229.48,1.0,4,2.4,1.0,3,0.767,0.0,C
SKU-0549,standard,256.62,2920,749330.4,3.0,3,13.4,2.9,1,0.288,1.0,C
SKU-2722,consumable,31.46,23820,749377.2,1.0,3,6.4,0.6,5,0.709,0.0,C
SKU-3406,consumable,19.6,38148,747700.8,1.0,5,7.6,1.9,3,0.345,0.0,C
SKU-2380,consumable,20.75,35968,746336.0,1.0,5,6.2,1.5,3,0.741,0.0,C
SKU-2326,consumable,25.08,29750,746130.0,1.0,3,2.9,0.7,3,0.71,0.0,C
SKU-0892,consumable,15.56,47947,746055.32,1.0,5,6.1,0.7,3,0.326,0.0,C
SKU-3249,consumable,15.12,49109,742528.08,1.0,5,7.0,1.9,5,0.433,0.0,C
SKU-2210,consumable,44.9,16533,742331.7,2.0,4,7.8,1.0,3,0.611,0.0,C
SKU-1522,consumable,14.99,49470,741555.3,2.0,5,6.7,0.6,4,0.784,0.0,C
SKU-0377,consumable,41.09,18043,741386.87,1.0,3,6.0,1.6,4,0.462,0.0,C
SKU-1013,consumable,32.58,22742,740934.36,2.0,3,6.0,2.0,4,0.64,0.0,C
SKU-1239,consumable,30.35,24395,740388.25,1.0,3,6.3,1.3,5,0.403,0.0,C
SKU-3147,consumable,27.17,27220,739567.4,1.0,5,8.7,0.8,5,0.595,0.0,C
SKU-0717,consumable,39.84,18493,736761.12,2.0,5,7.7,1.5,4,0.506,0.0,C
SKU-3478,standard,1388.03,530,735655.9,3.0,2,23.9,1.1,2,0.251,0.0,C
SKU-2571,standard,342.1,2146,734146.6,2.0,3,16.7,2.2,3,0.127,0.0,C
SKU-0317,standard,225.51,3255,734035.05,2.0,2,18.0,3.1,2,0.287,1.0,C
SKU-1159,consumable,19.24,38130,733621.2,2.0,3,3.4,1.0,5,0.753,0.0,C
SKU-1672,consumable,21.16,34645,733088.2,2.0,3,8.8,1.0,4,0.372,0.0,C
SKU-2096,consumable,17.76,41213,731942.88,2.0,3,9.7,0.9,5,0.678,0.0,C
SKU-0468,consumable,24.06,30401,731448.06,1.0,5,4.8,0.8,5,0.492,0.0,C
SKU-3300,consumable,40.08,18217,730137.36,2.0,4,3.4,1.8,5,0.674,0.0,C
SKU-1328,consumable,21.95,33252,729881.4,1.0,4,3.7,2.0,5,0.546,0.0,C
SKU-1954,standard,1881.81,387,728260.47,3.0,3,27.9,3.5,3,0.196,0.0,C
SKU-2657,consumable,29.61,24593,728198.73,2.0,3,5.6,1.3,3,0.381,0.0,C
SKU-0287,standard,275.65,2640,727716.0,2.0,2,12.6,6.8,2,0.238,1.0,C
SKU-0991,consumable,16.52,43840,724236.8,2.0,5,6.7,0.8,5,0.526,0.0,C
SKU-3324,standard,854.03,847,723363.41,3.0,2,22.7,3.0,3,0.13,0.0,C
SKU-2889,consumable,26.01,27798,723025.98,1.0,3,9.8,0.8,4,0.791,0.0,C
SKU-3197,consumable,39.14,18423,721076.22,1.0,5,2.6,1.9,3,0.355,0.0,C
SKU-2480,consumable,44.39,16229,720405.31,1.0,5,34.0,1.8,5,0.669,0.0,C
SKU-3004,standard,1110.25,648,719442.0,3.0,3,12.3,5.0,2,0.33,0.0,C
SKU-1642,consumable,39.2,18341,718967.2,1.0,5,8.1,1.3,4,0.468,0.0,C
SKU-1811,standard,752.21,954,717608.34,2.0,2,23.2,3.1,3,0.202,0.0,C
SKU-2582,consumable,31.94,22465,717532.1,1.0,4,5.1,1.6,3,0.373,0.0,C
SKU-3409,expensive_strategic,27702.033854166668,36,997273.22,4.0,1,27.0,4.6,3,0.142,1.0,C
SKU-2579,standard,863.79,829,716081.91,3.0,2,18.9,3.1,2,0.118,0.0,C
SKU-1419,standard,1760.6,406,714803.6,3.0,3,14.8,2.2,3,0.11,1.0,C
SKU-2451,expensive_strategic,27433.68,26,713275.68,4.0,2,22.1,7.0,3,0.125,2.0,C
SKU-2355,standard,522.53,1364,712730.92,3.0,3,22.2,4.6,2,0.182,1.0,C
SKU-0592,standard,511.95,1387,710074.65,2.0,3,14.7,1.4,2,0.206,0.0,C
SKU-3046,standard,625.33,1132,707873.56,3.0,3,8.3,5.3,2,0.224,1.0,C
SKU-3139,standard,1966.13,360,707806.8,3.0,3,18.9,2.7,2,0.222,0.0,C
SKU-1302,consumable,15.69,45052,706865.88,2.0,3,9.8,1.0,5,0.413,0.0,C
SKU-2461,consumable,43.25,16316,705667.0,2.0,3,6.0,1.3,4,0.424,0.0,C
SKU-3086,standard,169.47,4157,704486.79,2.0,3,17.9,1.9,2,0.327,0.0,C
SKU-1803,standard,166.5,4223,703129.5,3.0,2,17.8,5.2,3,0.229,1.0,C
SKU-0518,consumable,31.15,22550,702432.5,2.0,5,3.7,1.3,5,0.32,0.0,C
SKU-2706,consumable,21.11,33259,702097.49,1.0,5,5.9,1.0,5,0.759,0.0,C
SKU-0048,standard,245.24,2858,700895.92,2.0,3,15.3,5.8,2,0.239,0.0,C
SKU-1081,consumable,36.03,19448,700711.44,1.0,4,5.6,1.4,3,0.626,0.0,C
SKU-1244,consumable,16.79,41658,699437.82,1.0,3,4.5,2.0,3,0.381,0.0,C
SKU-0992,standard,562.22,1243,698839.46,3.0,2,27.6,6.6,2,0.148,1.0,C
SKU-2624,consumable,31.79,21926,697027.54,2.0,3,9.1,0.6,3,0.307,0.0,C
SKU-0021,standard,176.11,3957,696867.27,3.0,3,28.3,5.7,2,0.217,0.0,C
SKU-0519,consumable,20.75,33584,696868.0,1.0,4,4.6,0.6,4,0.364,0.0,C
SKU-1099,consumable,33.73,20644,696322.12,2.0,3,5.5,1.2,4,0.551,0.0,C
SKU-1729,consumable,21.51,32325,695310.75,1.0,5,7.4,1.1,4,0.658,0.0,C
SKU-0306,consumable,32.67,21245,694074.15,2.0,5,4.0,1.7,4,0.341,0.0,C
SKU-1272,consumable,16.85,41110,692703.5,2.0,5,3.9,1.5,3,0.708,0.0,C
SKU-1441,consumable,32.41,21287,689911.67,2.0,3,9.3,0.8,3,0.58,0.0,C
SKU-1400,standard,988.89,697,689256.33,3.0,3,18.9,4.7,2,0.22,1.0,C
SKU-2504,consumable,28.65,24051,689061.15,2.0,4,7.8,1.1,4,0.321,0.0,C
SKU-1243,consumable,23.02,29931,689011.62,1.0,4,9.0,1.8,3,0.446,0.0,C
SKU-2336,standard,141.83,4850,687875.5,3.0,2,15.9,6.9,3,0.162,0.0,C
SKU-0525,consumable,18.75,36645,687093.75,1.0,5,2.9,0.6,4,0.621,0.0,C
SKU-0844,consumable,31.0,22119,685689.0,2.0,4,2.8,1.4,5,0.36,0.0,C
SKU-0718,consumable,17.31,39596,685406.76,1.0,3,7.3,0.6,5,0.699,0.0,C
SKU-3484,consumable,22.27,30697,683622.19,1.0,4,5.4,1.9,3,0.768,0.0,C
SKU-2910,expensive_strategic,9614.67,71,682641.57,5.0,1,23.8,4.8,3,0.115,1.0,C
SKU-0596,standard,974.19,700,681933.0,3.0,2,25.8,6.1,2,0.153,0.0,C
SKU-0531,consumable,41.96,16222,680675.12,2.0,4,3.7,0.9,4,0.383,0.0,C
SKU-1296,expensive_strategic,20598.82,33,679761.06,5.0,1,23.7,7.4,2,0.116,0.0,C
SKU-1489,standard,167.55,4057,679750.35,3.0,2,13.8,2.5,2,0.202,1.0,C
SKU-1002,standard,481.46,1407,677414.22,3.0,2,17.6,1.2,3,0.256,1.0,C
SKU-2206,consumable,44.58,15141,674985.78,2.0,4,2.8,1.1,4,0.729,0.0,C
SKU-2905,standard,396.49,1699,673636.51,3.0,2,29.3,6.7,3,0.312,0.0,C
SKU-0932,consumable,20.24,33210,672170.4,1.0,4,7.6,1.1,4,0.512,0.0,C
SKU-0329,standard,136.42,4923,671595.66,2.0,3,11.8,5.7,2,0.144,1.0,C
SKU-0949,consumable,20.56,32587,669988.72,1.0,3,5.1,1.5,3,0.326,0.0,C
SKU-1829,consumable,40.26,16615,668919.9,2.0,4,7.5,1.5,5,0.794,0.0,C
SKU-1997,consumable,29.33,22788,668372.04,2.0,3,4.6,1.2,3,0.758,0.0,C
SKU-1268,standard,223.59,2988,668086.92,2.0,2,16.6,5.2,2,0.349,1.0,C
SKU-0659,standard,163.31,4084,666958.04,3.0,2,14.0,5.2,2,0.309,0.0,C
SKU-0536,consumable,14.04,47484,666675.36,1.0,5,7.2,0.7,4,0.339,0.0,C
SKU-1085,consumable,15.59,42735,666238.65,1.0,3,8.4,0.9,4,0.319,0.0,C
SKU-0162,standard,890.9,748,666393.2,3.0,3,24.4,5.6,3,0.27,1.0,C
SKU-3338,consumable,41.85,15913,665959.05,2.0,4,5.8,1.7,3,0.373,0.0,C
SKU-0620,standard,240.93,2764,665930.52,2.0,3,27.6,1.7,2,0.303,1.0,C
SKU-2544,standard,974.72,683,665733.76,3.0,3,12.8,6.9,2,0.335,0.0,C
SKU-2758,consumable,13.39,49408,661573.12,1.0,3,5.4,0.8,3,0.665,0.0,C
SKU-1394,standard,428.05,1545,661337.25,3.0,2,12.4,4.5,2,0.121,0.0,C
SKU-1745,standard,366.07,1802,659658.14,2.0,3,10.5,1.1,3,0.138,1.0,C
SKU-2351,standard,1346.49,489,658433.61,3.0,3,22.1,3.2,3,0.211,0.0,C
SKU-2565,standard,260.53,2526,658098.78,3.0,2,25.2,5.7,2,0.201,0.0,C
SKU-2075,consumable,26.77,24581,658033.37,1.0,4,3.8,1.3,4,0.427,0.0,C
SKU-0297,consumable,14.12,46528,656975.36,2.0,3,8.9,1.8,5,0.622,0.0,C
SKU-0266,standard,157.79,4134,652303.86,3.0,2,12.1,2.0,3,0.114,1.0,C
SKU-1383,consumable,13.12,49673,651709.76,1.0,5,6.8,1.5,5,0.523,0.0,C
SKU-2302,standard,148.48,4378,650045.44,2.0,2,17.3,5.1,2,0.289,1.0,C
SKU-1480,standard,820.95,791,649371.45,3.0,2,20.1,4.9,3,0.234,0.0,C
SKU-2577,consumable,35.89,18088,649178.32,1.0,4,6.0,1.3,3,0.605,0.0,C
SKU-2697,standard,229.59,2816,646525.44,2.0,3,28.1,3.8,2,0.286,1.0,C
SKU-2668,standard,193.63,3332,645175.16,3.0,3,23.1,5.3,3,0.116,0.0,C
SKU-3011,standard,206.83,3119,645102.77,2.0,2,17.0,2.4,2,0.182,1.0,C
SKU-3250,standard,197.32,3268,644841.76,2.0,3,22.9,6.0,2,0.23,1.0,C
SKU-0921,consumable,17.81,36191,644561.71,1.0,3,9.3,1.3,3,0.414,0.0,C
SKU-1335,consumable,34.95,18426,643988.7,1.0,5,7.3,1.0,5,0.773,0.0,C
SKU-1141,consumable,13.38,48137,644073.06,1.0,3,8.0,0.6,4,0.66,0.0,C
SKU-0907,consumable,23.72,27118,643238.96,2.0,4,2.3,1.4,5,0.779,0.0,C
SKU-0999,consumable,28.25,22725,641981.25,1.0,5,5.9,0.6,5,0.634,0.0,C
SKU-0179,consumable,13.19,48662,641851.78,1.0,3,3.1,2.0,3,0.37,0.0,C
SKU-2554,consumable,20.89,30678,640863.42,2.0,3,3.5,1.7,5,0.568,0.0,C
SKU-2083,standard,1269.01,505,640850.05,3.0,3,27.3,4.4,2,0.166,0.0,C
SKU-0861,consumable,30.37,21079,640169.23,2.0,5,5.2,0.7,5,0.643,0.0,C
SKU-0158,consumable,20.62,31024,639714.88,1.0,5,5.1,1.8,3,0.699,0.0,C
SKU-2763,standard,531.67,1201,638535.67,2.0,2,21.0,4.4,3,0.282,1.0,C
SKU-0265,consumable,38.09,16728,637169.52,2.0,4,8.9,1.2,3,0.356,0.0,C
SKU-2462,consumable,38.8,16419,637057.2,1.0,4,6.2,0.5,5,0.398,0.0,C
SKU-1263,expensive_strategic,5938.04,107,635370.28,4.0,2,36.5,6.2,2,0.1,0.0,C
SKU-0652,standard,171.86,3696,635194.56,3.0,2,14.3,3.3,2,0.28,1.0,C
SKU-0438,consumable,32.05,19768,633564.4,2.0,4,6.0,1.0,5,0.759,0.0,C
SKU-1841,standard,408.66,1549,633014.34,3.0,2,18.9,6.6,3,0.172,1.0,C
SKU-3294,standard,189.73,3334,632559.82,3.0,3,16.7,1.3,2,0.234,1.0,C
SKU-0428,consumable,23.87,26496,632459.52,1.0,3,9.8,1.1,5,0.511,0.0,C
SKU-0319,expensive_strategic,11286.16,56,632024.96,4.0,1,28.5,6.2,2,0.18,2.0,C
SKU-2178,standard,192.93,3272,631266.96,2.0,3,24.4,4.1,3,0.232,1.0,C
SKU-1505,standard,152.24,4138,629969.12,2.0,5,14.4,3.1,3,0.232,1.0,C
SKU-2101,consumable,31.1,20207,628437.7,1.0,5,3.3,0.8,3,0.371,0.0,C
SKU-0140,consumable,12.61,49664,626263.04,2.0,5,6.9,0.8,4,0.573,0.0,C
SKU-2568,expensive_strategic,28457.91,22,626074.02,5.0,2,34.6,7.2,3,0.179,2.0,C
SKU-2840,standard,679.77,921,626068.17,2.0,3,29.5,2.2,3,0.259,1.0,C
SKU-2263,consumable,40.71,15372,625794.12,1.0,3,8.2,1.2,3,0.799,0.0,C
SKU-2478,consumable,13.71,45594,625093.74,2.0,3,6.0,1.3,5,0.387,0.0,C
SKU-0092,standard,855.98,726,621441.48,3.0,2,20.3,4.4,3,0.191,1.0,C
SKU-3002,consumable,12.67,48954,620247.18,2.0,5,7.8,1.8,4,0.627,0.0,C
SKU-2399,standard,197.88,3133,619958.04,2.0,3,18.7,3.5,2,0.315,0.0,C
SKU-0466,standard,1774.39,348,617487.72,3.0,3,26.0,1.4,2,0.193,1.0,C
SKU-0183,consumable,39.47,15626,616758.22,1.0,4,7.2,1.1,3,0.438,0.0,C
SKU-0830,standard,283.52,2172,615805.44,2.0,5,29.5,1.6,3,0.112,1.0,C
SKU-1995,consumable,12.39,49544,613850.16,2.0,5,4.5,1.1,5,0.613,0.0,C
SKU-1281,standard,915.29,670,613244.3,3.0,2,11.0,5.6,3,0.109,0.0,C
SKU-0770,consumable,33.87,18106,613250.22,2.0,5,7.9,1.4,3,0.67,0.0,C
SKU-1859,consumable,41.23,14848,612183.04,2.0,5,6.7,1.6,3,0.604,0.0,C
SKU-2236,standard,1481.97,413,612053.61,3.0,2,13.9,3.7,2,0.217,1.0,C
SKU-0553,standard,1928.49,317,611331.33,3.0,3,20.4,4.1,3,0.215,1.0,C
SKU-1273,consumable,34.62,17652,611112.24,2.0,5,3.5,1.7,4,0.652,0.0,C
SKU-2745,standard,437.65,1395,610521.75,3.0,3,16.8,2.6,2,0.229,0.0,C
SKU-0341,standard,1298.21,469,608860.49,2.0,3,14.1,5.6,3,0.212,0.0,C
SKU-1042,consumable,25.63,23751,608738.13,2.0,3,9.8,1.4,5,0.398,0.0,C
SKU-1591,standard,1648.11,369,608152.59,3.0,3,14.4,3.5,2,0.172,0.0,C
SKU-1707,standard,172.0,3534,607848.0,2.0,3,22.5,6.8,1,0.125,0.0,C
SKU-2759,standard,1160.47,523,606925.81,2.0,2,13.7,5.8,2,0.13,0.0,C
SKU-0901,expensive_strategic,46660.48,13,606586.24,4.0,1,40.1,5.2,2,0.153,1.0,C
SKU-2958,consumable,14.03,43186,605899.58,1.0,4,6.0,1.0,5,0.635,0.0,C
SKU-2826,consumable,21.43,28186,604025.98,1.0,4,7.7,1.6,3,0.618,0.0,C
SKU-0104,standard,327.17,1844,603301.48,3.0,2,25.5,3.6,2,0.283,0.0,C
SKU-2268,standard,751.52,802,602719.04,3.0,2,14.2,6.4,2,0.304,0.0,C
SKU-2383,consumable,21.41,28141,602498.81,1.0,5,3.4,1.4,3,0.685,0.0,C
SKU-2557,standard,200.98,2996,602136.08,2.0,3,11.7,5.6,3,0.154,0.0,C
SKU-2736,consumable,41.73,14417,601621.41,2.0,4,6.7,1.1,3,0.353,0.0,C
SKU-2671,standard,364.13,1650,600814.5,2.0,3,9.0,1.1,2,0.13,0.0,C
SKU-0119,consumable,18.82,31908,600508.56,1.0,3,4.0,0.9,5,0.639,0.0,C
SKU-2829,standard,1270.1,472,599487.2,2.0,2,8.0,4.7,2,0.245,0.0,C
SKU-0724,standard,725.82,825,598801.5,2.0,2,9.9,6.4,3,0.119,0.0,C
SKU-3325,consumable,20.39,29354,598528.06,1.0,4,5.1,0.7,4,0.62,0.0,C
SKU-2548,standard,783.81,763,598047.03,3.0,2,13.1,2.1,2,0.244,0.0,C
SKU-2283,standard,934.28,640,597939.2,2.0,3,23.9,1.7,3,0.138,1.0,C
SKU-0873,standard,1075.42,556,597933.52,3.0,3,9.0,6.1,3,0.261,1.0,C
SKU-1659,standard,191.58,3114,596580.12,2.0,2,28.0,5.3,2,0.152,1.0,C
SKU-1045,consumable,21.49,27714,595573.86,2.0,5,4.2,1.2,4,0.464,0.0,C
SKU-3297,standard,1387.95,429,595430.55,2.0,2,14.9,5.0,2,0.322,0.0,C
SKU-3259,standard,348.16,1696,590479.36,3.0,2,21.8,5.8,3,0.108,0.0,C
SKU-1544,expensive_strategic,8810.14,67,590279.38,4.0,2,40.9,5.8,3,0.192,1.0,C
SKU-1718,standard,143.11,4113,588611.43,3.0,3,7.8,5.9,2,0.17,1.0,C
SKU-1551,consumable,14.82,39596,586812.72,2.0,4,8.1,0.8,3,0.566,0.0,C
SKU-1498,standard,247.57,2370,586740.9,2.0,3,18.0,2.9,2,0.155,1.0,C
SKU-1083,standard,239.75,2446,586428.5,2.0,3,24.8,6.3,3,0.242,1.0,C
SKU-1812,consumable,23.53,24902,585944.06,1.0,5,7.0,1.1,5,0.78,0.0,C
SKU-1367,standard,649.87,900,584883.0,3.0,2,14.0,4.8,2,0.259,0.0,C
SKU-2803,consumable,17.0,34410,584970.0,1.0,4,8.9,1.4,4,0.746,0.0,C
SKU-2198,consumable,13.0,44961,584493.0,1.0,4,10.0,1.4,1,0.669,0.0,C
SKU-2842,consumable,45.65,12788,583772.2,2.0,3,9.6,1.8,1,0.635,0.0,C
SKU-1773,consumable,24.21,24054,582347.34,2.0,5,3.5,1.7,4,0.776,0.0,C
SKU-2040,expensive_strategic,10213.37,57,582162.09,5.0,2,35.1,5.5,3,0.156,2.0,C
SKU-3468,standard,245.61,2357,578902.77,2.0,3,20.6,6.3,2,0.132,1.0,C
SKU-1197,consumable,18.89,30536,576825.04,1.0,5,2.1,1.2,3,0.79,0.0,C
SKU-0253,consumable,40.62,14161,575219.82,1.0,4,8.5,1.8,3,0.569,0.0,C
SKU-0796,consumable,13.41,42881,575034.21,1.0,4,2.6,0.5,3,0.499,0.0,C
SKU-3166,standard,1801.91,319,574809.29,3.0,3,12.9,6.8,3,0.338,0.0,C
SKU-3225,expensive_strategic,28727.58,20,574551.6,4.0,1,16.7,5.6,2,0.15,2.0,C
SKU-0735,standard,761.25,752,572460.0,2.0,2,8.2,2.0,3,0.311,1.0,C
SKU-3149,consumable,35.98,15900,572082.0,2.0,4,6.6,0.8,5,0.647,0.0,C
SKU-1278,consumable,23.2,24659,572088.8,1.0,3,5.6,0.9,4,0.46,0.0,C
SKU-2560,standard,833.53,685,570968.05,2.0,3,10.0,3.2,2,0.326,1.0,C
SKU-2846,standard,956.38,597,570958.86,3.0,2,17.6,6.8,2,0.289,0.0,C
SKU-2639,consumable,40.47,14096,570465.12,1.0,3,9.3,0.6,4,0.664,0.0,C
SKU-2804,consumable,31.23,18225,569166.75,1.0,4,4.8,0.7,3,0.523,0.0,C
SKU-0113,consumable,13.29,42750,568147.5,2.0,5,9.8,1.1,4,0.533,0.0,C
SKU-3082,consumable,12.13,46813,567841.69,1.0,4,2.2,1.1,5,0.531,0.0,C
SKU-3358,standard,213.58,2657,567482.06,3.0,3,29.0,6.3,3,0.304,0.0,C
SKU-1510,consumable,20.81,27245,566968.45,2.0,3,9.4,1.6,5,0.553,0.0,C
SKU-2261,consumable,32.09,17643,566163.87,2.0,5,6.6,1.3,5,0.604,0.0,C
SKU-2755,consumable,12.72,44478,565760.16,1.0,4,8.3,0.6,5,0.552,0.0,C
SKU-0603,expensive_strategic,11307.44,50,565372.0,4.0,1,28.4,5.4,3,0.159,2.0,C
SKU-1682,consumable,38.65,14601,564328.65,1.0,4,8.3,1.0,3,0.546,0.0,C
SKU-1870,standard,647.08,868,561665.44,3.0,2,18.4,3.5,2,0.228,0.0,C
SKU-0950,standard,281.53,1992,560807.76,2.0,2,12.8,4.1,3,0.11,0.0,C
SKU-2482,consumable,14.81,37805,559892.05,1.0,5,8.6,1.2,3,0.44,0.0,C
SKU-0177,standard,864.23,646,558292.58,3.0,2,28.2,1.9,3,0.281,0.0,C
SKU-1936,consumable,12.49,44574,556729.26,1.0,4,7.7,1.9,4,0.447,0.0,C
SKU-2950,consumable,42.25,13150,555587.5,2.0,5,8.6,1.2,5,0.5,0.0,C
SKU-2233,consumable,11.91,46309,551540.19,1.0,3,5.6,1.1,5,0.555,0.0,C
SKU-1238,standard,302.58,1822,551300.76,2.0,3,21.6,6.7,3,0.117,0.0,C
SKU-0130,standard,139.94,3933,550384.02,3.0,2,20.9,5.6,3,0.309,0.0,C
SKU-3268,standard,602.66,912,549625.92,3.0,2,16.5,5.1,2,0.339,0.0,C
SKU-0934,standard,145.55,3776,549596.8,3.0,3,7.5,6.8,3,0.171,1.0,C
SKU-2476,consumable,11.64,47210,549524.4,1.0,4,7.9,1.7,1,0.498,0.0,C
SKU-3445,consumable,12.74,43100,549094.0,2.0,4,6.8,1.8,3,0.766,0.0,C
SKU-0782,standard,1342.15,409,548939.35,3.0,2,28.8,1.8,3,0.236,0.0,C
SKU-3398,consumable,31.33,17503,548368.99,1.0,3,4.7,0.8,5,0.782,0.0,C
SKU-1481,consumable,12.5,43805,547562.5,2.0,4,9.4,1.9,3,0.453,0.0,C
SKU-2272,standard,195.32,2798,546505.36,2.0,2,23.8,1.5,3,0.19,0.0,C
SKU-0714,standard,1169.38,467,546100.46,2.0,3,28.4,5.8,3,0.124,0.0,C
SKU-2955,consumable,36.56,14908,545036.48,2.0,4,8.1,1.4,3,0.452,0.0,C
SKU-2148,standard,1868.59,291,543759.69,3.0,3,21.8,2.1,3,0.22,0.0,C
SKU-0452,standard,119.09,4557,542693.13,3.0,3,13.2,4.0,2,0.206,0.0,C
SKU-1818,consumable,23.36,23218,542372.48,2.0,4,3.2,1.3,5,0.567,0.0,C
SKU-1688,standard,179.71,3016,542005.36,2.0,3,19.9,6.6,2,0.186,1.0,C
SKU-3100,standard,543.14,993,539338.02,3.0,3,15.2,7.0,2,0.171,1.0,C
SKU-2551,expensive_strategic,20709.69,26,538451.94,4.0,2,38.5,4.4,3,0.188,0.0,C
SKU-1237,consumable,23.75,22651,537961.25,1.0,5,9.8,1.3,5,0.548,0.0,C
SKU-0866,standard,1615.28,333,537888.24,3.0,2,14.8,1.8,3,0.184,0.0,C
SKU-0669,expensive_strategic,5105.64,105,536092.2,4.0,1,28.4,6.3,2,0.112,0.0,C
SKU-2304,expensive_strategic,10704.03,50,535201.5,5.0,2,15.5,4.7,2,0.097,2.0,C
SKU-2872,consumable,21.47,24898,534560.06,2.0,4,6.9,1.6,3,0.797,0.0,C
SKU-2537,standard,1547.51,345,533890.95,2.0,2,13.4,6.7,2,0.189,1.0,C
SKU-2102,standard,835.79,638,533234.02,3.0,2,15.1,4.9,3,0.145,1.0,C
SKU-2638,consumable,15.41,34563,532615.83,2.0,5,6.5,1.6,3,0.76,0.0,C
SKU-1358,standard,355.05,1499,532219.95,3.0,2,22.1,4.3,3,0.228,0.0,C
SKU-1563,consumable,36.64,14508,531573.12,2.0,3,3.1,1.7,5,0.37,0.0,C
SKU-1943,consumable,24.75346153846154,24997,618762.28,1.0,4,5.1,0.5,5,0.541,0.0,C
SKU-2596,consumable,34.92,15184,530225.28,2.0,3,7.3,2.0,5,0.377,0.0,C
SKU-1823,standard,543.18,971,527427.78,2.0,2,29.0,5.4,3,0.318,0.0,C
SKU-2753,expensive_strategic,18173.74,29,527038.46,4.0,2,34.1,8.2,2,0.089,0.0,C
SKU-1913,consumable,27.4,19196,525970.4,1.0,3,3.7,1.7,4,0.655,0.0,C
SKU-1395,expensive_strategic,34989.2,15,524838.0,5.0,1,37.9,5.6,3,0.087,1.0,C
SKU-1768,standard,268.19,1956,524579.64,2.0,3,13.7,6.3,3,0.232,1.0,C
SKU-2265,standard,1938.56,270,523411.2,2.0,2,23.9,3.4,2,0.154,0.0,C
SKU-1871,consumable,24.75346153846154,29370,727009.17,2.0,4,5.9,1.6,3,0.499,0.0,C
SKU-2203,standard,770.33,678,522283.74,2.0,3,17.0,3.9,3,0.169,0.0,C
SKU-1103,consumable,21.13,24711,522143.43,2.0,5,9.5,2.0,4,0.332,0.0,C
SKU-2725,standard,589.18,886,522013.48,3.0,2,12.5,6.4,2,0.313,0.0,C
SKU-2189,consumable,25.99,20070,521619.3,1.0,5,7.7,1.8,4,0.471,0.0,C
SKU-1772,consumable,19.41,26832,520809.12,1.0,5,9.9,1.8,5,0.572,0.0,C
SKU-3215,expensive_strategic,20815.78,25,520394.5,4.0,1,41.8,3.4,3,0.12,2.0,C
SKU-0227,consumable,31.09,16732,520197.88,1.0,5,6.4,1.4,5,0.726,0.0,C
SKU-2531,standard,723.35,718,519365.3,3.0,3,20.6,7.0,3,0.135,0.0,C
SKU-2214,consumable,32.4,16014,518853.6,2.0,3,6.6,0.8,3,0.762,0.0,C
SKU-1151,standard,166.03,3122,518345.66,3.0,2,26.2,3.4,3,0.227,0.0,C
SKU-3258,expensive_strategic,30311.18,17,515290.06,4.0,1,44.7,9.5,2,0.081,0.0,C
SKU-3038,consumable,23.6,21746,513205.6,1.0,4,4.9,2.0,4,0.715,0.0,C
SKU-1680,standard,185.82,2748,510633.36,2.0,2,27.2,5.7,2,0.244,0.0,C
SKU-0309,consumable,32.83,15516,509390.28,1.0,3,7.9,1.5,4,0.356,0.0,C
SKU-0537,consumable,34.72,14663,509099.36,1.0,4,3.6,1.2,3,0.564,0.0,C
SKU-0799,standard,686.84,740,508261.6,2.0,2,17.9,4.0,2,0.146,0.0,C
SKU-0034,consumable,10.1,49847,503454.7,2.0,4,2.5,0.6,1,0.375,0.0,C
SKU-0345,standard,304.16,1652,502472.32,3.0,3,28.0,2.1,3,0.35,1.0,C
SKU-0454,consumable,19.22,26112,501872.64,1.0,5,6.2,1.9,5,0.34,0.0,C
SKU-3097,consumable,10.98,45592,500600.16,2.0,4,7.8,1.5,5,0.567,0.0,C
SKU-3288,consumable,35.3,14163,499953.9,2.0,4,5.3,0.6,3,0.714,0.0,C
SKU-1426,consumable,11.12,44755,497675.6,1.0,5,6.2,0.8,3,0.395,0.0,C
SKU-1684,consumable,36.43,13621,496213.03,2.0,5,7.5,0.8,4,0.451,0.0,C
SKU-3156,standard,1039.4172661348805,2481,2578794.24,3.0,2,18.9,5.7,2,0.133,0.0,C
SKU-2774,standard,376.47,1316,495434.52,2.0,2,18.9,2.1,2,0.338,1.0,C
SKU-0597,standard,110.34,4484,494764.56,2.0,3,24.8,3.7,3,0.261,1.0,C
SKU-1857,consumable,34.85,14191,494556.35,1.0,4,9.0,0.7,3,0.624,0.0,C
SKU-2512,consumable,40.43,12216,493892.88,1.0,4,7.3,1.8,4,0.601,0.0,C
SKU-1457,standard,402.66,1223,492453.18,2.0,3,24.5,2.6,3,0.175,0.0,C
SKU-1473,consumable,17.59,27990,492344.1,2.0,4,9.2,1.8,5,0.473,0.0,C
SKU-2935,standard,529.71,929,492100.59,2.0,3,14.7,6.1,2,0.34,1.0,C
SKU-0013,consumable,40.19,12151,488348.69,1.0,5,5.6,1.6,4,0.752,0.0,C
SKU-0088,standard,981.73,497,487919.81,3.0,2,21.4,5.5,3,0.163,1.0,C
SKU-2167,standard,271.14,1799,487780.86,3.0,3,10.7,4.0,3,0.237,0.0,C
SKU-1604,standard,987.86,493,487014.98,3.0,2,22.2,3.2,2,0.229,1.0,C
SKU-2888,standard,354.76,1364,483892.64,3.0,2,12.4,5.2,2,0.153,0.0,C
SKU-2812,standard,684.62,705,482657.1,2.0,2,7.2,5.3,3,0.174,1.0,C
SKU-2114,consumable,24.75346153846154,24550,607697.48,1.0,3,6.8,1.2,4,0.71,0.0,C
SKU-2237,consumable,21.43,22483,481810.69,2.0,3,2.4,2.0,5,0.38,0.0,C
SKU-3274,standard,535.73,897,480549.81,2.0,2,18.4,3.8,2,0.171,0.0,C
SKU-0696,standard,257.77,1860,479452.2,3.0,3,9.6,2.5,3,0.347,1.0,C
SKU-0721,consumable,41.03,11686,479476.58,2.0,5,6.8,1.2,3,0.648,0.0,C
SKU-1102,consumable,10.61,45153,479073.33,2.0,4,4.8,1.6,3,0.622,0.0,C
SKU-3482,standard,1030.31,465,479094.15,3.0,2,9.3,6.2,3,0.26,1.0,C
SKU-2323,standard,1231.14,388,477682.32,3.0,2,26.2,5.3,3,0.163,0.0,C
SKU-3473,standard,152.11,3125,475343.75,2.0,3,14.8,5.3,3,0.138,0.0,C
SKU-2079,consumable,15.33,30968,474739.44,1.0,5,5.4,1.2,5,0.721,0.0,C
SKU-1368,consumable,15.4,30778,473981.2,2.0,4,4.0,1.5,5,0.692,0.0,C
SKU-3007,consumable,10.15,46670,473700.5,1.0,5,2.4,1.3,3,0.651,0.0,C
SKU-2813,standard,339.99,1390,472586.1,2.0,2,18.9,2.7,3,0.239,1.0,C
SKU-3035,expensive_strategic,6532.22,72,470319.84,5.0,2,28.9,9.4,2,0.079,2.0,C
SKU-2003,consumable,28.65,16329,467825.85,1.0,5,7.2,1.6,4,0.789,0.0,C
SKU-1380,standard,882.61,528,466018.08,3.0,3,22.6,5.6,2,0.113,0.0,C
SKU-1508,standard,1039.4172661348805,266,276484.99,3.0,2,29.8,4.2,3,0.16,1.0,C
SKU-1832,standard,1489.04,311,463091.44,3.0,2,21.0,6.3,3,0.225,0.0,C
SKU-2556,consumable,23.96,19277,461876.92,1.0,3,6.6,1.2,3,0.383,0.0,C
SKU-1152,consumable,39.01,11807,460591.07,1.0,5,9.6,1.9,5,0.381,0.0,C
SKU-0241,consumable,19.76,23302,460447.52,2.0,5,5.5,1.8,4,0.35,0.0,C
SKU-1056,standard,117.11,3927,459890.97,2.0,2,21.1,2.0,3,0.287,1.0,C
SKU-2169,standard,667.14,689,459659.46,2.0,3,8.0,6.7,2,0.126,1.0,C
SKU-1351,consumable,12.37,37136,459372.32,2.0,3,8.6,0.6,4,0.531,0.0,C
SKU-1282,standard,395.62,1159,458523.58,3.0,2,16.3,1.2,3,0.318,0.0,C
SKU-0706,consumable,24.57,18629,457714.53,1.0,4,2.4,1.5,5,0.793,0.0,C
SKU-0246,consumable,27.77,16372,454650.44,1.0,3,3.8,1.3,4,0.557,0.0,C
SKU-0458,standard,502.42,905,454690.1,2.0,3,22.6,6.4,2,0.106,0.0,C
SKU-0024,standard,1328.54,342,454360.68,2.0,3,18.7,4.0,2,0.257,1.0,C
SKU-2553,consumable,31.58,14386,454309.88,2.0,4,4.9,1.2,5,0.461,0.0,C
SKU-2385,expensive_strategic,12608.02,36,453888.72,4.0,5,19.5,6.5,2,0.179,0.0,C
SKU-2066,consumable,10.65,42541,453061.65,2.0,5,4.4,0.8,5,0.453,0.0,C
SKU-0416,standard,456.3,992,452649.6,3.0,3,9.0,3.8,2,0.172,0.0,C
SKU-2695,consumable,11.14,40513,451314.82,1.0,3,7.0,1.3,4,0.528,0.0,C
SKU-0660,standard,1041.74,433,451073.42,3.0,2,12.3,1.8,2,0.202,0.0,C
SKU-2208,consumable,9.9,45550,450945.0,1.0,3,5.7,1.6,3,0.516,0.0,C
SKU-2643,consumable,9.02,49966,450693.32,2.0,3,3.3,1.5,3,0.713,0.0,C
SKU-3396,consumable,19.55,23025,450138.75,1.0,4,6.4,1.5,3,0.407,0.0,C
SKU-0121,consumable,30.19,14840,448019.6,1.0,4,6.0,1.4,4,0.34,0.0,C
SKU-3131,consumable,10.75,41610,447307.5,2.0,4,5.2,0.9,5,0.552,0.0,C
SKU-2816,consumable,26.57,16826,447066.82,1.0,4,5.3,0.7,3,0.561,0.0,C
SKU-0448,consumable,36.34,12258,445455.72,2.0,4,9.9,1.5,4,0.774,0.0,C
SKU-2303,standard,211.34,2106,445082.04,3.0,3,9.4,6.1,3,0.156,0.0,C
SKU-0095,consumable,47.35,9386,444427.1,1.0,3,4.2,0.8,3,0.617,0.0,C
SKU-0242,consumable,20.27,21914,444196.78,2.0,3,6.6,1.0,3,0.742,0.0,C
SKU-1896,standard,144.31,3075,443753.25,2.0,2,17.0,1.1,2,0.194,1.0,C
SKU-1548,standard,705.82,627,442549.14,3.0,2,23.8,2.3,3,0.244,1.0,C
SKU-0074,consumable,15.08,29310,441994.8,2.0,4,8.0,0.6,3,0.521,0.0,C
SKU-2752,standard,992.38,443,439624.34,2.0,3,7.6,2.8,3,0.326,0.0,C
SKU-1015,standard,1440.22,305,439267.1,2.0,2,29.2,2.6,3,0.258,1.0,C
SKU-0384,consumable,15.17,28874,438018.58,2.0,4,7.6,1.6,4,0.591,0.0,C
SKU-3452,standard,264.41,1656,437862.96,3.0,2,13.5,3.6,3,0.149,0.0,C
SKU-1578,standard,553.58,789,436774.62,2.0,3,29.1,3.1,3,0.325,0.0,C
SKU-1600,consumable,27.52,15847,436109.44,2.0,3,5.4,2.0,4,0.66,0.0,C
SKU-0393,standard,448.77,966,433511.82,3.0,2,14.3,6.4,3,0.167,1.0,C
SKU-1021,standard,450.1,958,431195.8,2.0,2,22.7,5.1,2,0.278,0.0,C
SKU-2798,standard,340.28,1267,431134.76,3.0,3,10.7,2.0,3,0.222,1.0,C
SKU-2674,expensive_strategic,35716.18,12,428594.16,5.0,1,28.7,7.0,2,0.163,1.0,C
SKU-1005,consumable,9.69,44060,426941.4,2.0,3,4.1,1.0,5,0.751,0.0,C
SKU-0504,consumable,11.55,36969,426991.95,2.0,4,6.1,0.7,3,0.503,0.0,C
SKU-2951,consumable,46.56,9119,424580.64,2.0,4,3.5,0.9,1,0.37,0.0,C
SKU-0294,standard,478.28,887,424234.36,2.0,2,12.8,6.3,3,0.172,0.0,C
SKU-2325,consumable,19.19,22086,423830.34,2.0,4,6.6,0.7,5,0.636,0.0,C
SKU-1146,consumable,47.69,8883,423630.27,1.0,4,4.7,1.2,5,0.779,0.0,C
SKU-3103,consumable,19.64,21490,422063.6,2.0,3,2.3,1.4,3,0.666,0.0,C
SKU-2590,standard,136.95,3076,421258.2,2.0,3,12.7,2.0,2,0.148,1.0,C
SKU-2154,consumable,10.34,40706,420900.04,1.0,3,2.8,1.2,4,0.393,0.0,C
SKU-0063,consumable,22.59,18600,420174.0,1.0,4,8.3,0.9,5,0.69,0.0,C
SKU-1210,consumable,18.71,22404,419178.84,2.0,4,7.0,1.1,3,0.655,0.0,C
SKU-1163,expensive_strategic,41876.63,10,418766.3,5.0,2,42.0,9.4,2,0.088,0.0,C
SKU-0885,consumable,10.24,40846,418263.04,1.0,3,5.4,0.8,5,0.701,0.0,C
SKU-2143,standard,334.12,1252,418318.24,3.0,2,25.6,4.4,3,0.131,0.0,C
SKU-0521,standard,1226.67,341,418294.47,2.0,3,8.1,4.4,2,0.321,1.0,C
SKU-2357,consumable,21.86,19085,417198.1,2.0,5,7.0,1.3,3,0.504,0.0,C
SKU-2228,standard,374.99,1107,415113.93,3.0,2,23.5,4.4,2,0.175,0.0,C
SKU-0968,expensive_strategic,6369.06,65,413988.9,4.0,1,18.8,8.3,3,0.118,1.0,C
SKU-0894,standard,115.48,3583,413764.84,2.0,3,20.4,3.4,3,0.108,1.0,C
SKU-0332,consumable,20.87,19825,413747.75,1.0,4,9.9,1.9,4,0.582,0.0,C
SKU-3354,standard,170.79,2422,413653.38,3.0,3,21.5,3.0,2,0.214,0.0,C
SKU-1865,consumable,33.44,12366,413519.04,1.0,5,3.8,0.9,3,0.45,0.0,C
SKU-0249,consumable,32.79,12593,412924.47,2.0,3,4.2,1.0,5,0.401,0.0,C
SKU-1451,standard,134.58,3066,412622.28,2.0,2,11.0,2.3,2,0.186,1.0,C
SKU-1929,standard,654.14,627,410145.78,2.0,2,23.0,4.5,3,0.262,0.0,C
SKU-2863,consumable,43.44,9424,409378.56,1.0,3,6.0,1.2,4,0.515,0.0,C
SKU-2064,standard,777.47,526,408949.22,2.0,2,17.0,6.8,2,0.147,0.0,C
SKU-0818,standard,137.09,2976,407979.84,2.0,3,20.9,5.4,3,0.232,0.0,C
SKU-1194,standard,900.26,453,407817.78,2.0,2,26.4,2.8,3,0.204,1.0,C
SKU-0234,standard,147.05,2767,406887.35,3.0,2,10.1,5.4,1,0.301,1.0,C
SKU-1774,consumable,18.76,21659,406322.84,2.0,5,6.1,0.8,3,0.605,0.0,C
SKU-2532,consumable,13.95,29114,406140.3,1.0,5,2.2,0.8,3,0.502,0.0,C
SKU-0116,consumable,32.76,12350,404586.0,1.0,4,7.8,0.7,3,0.376,0.0,C
SKU-2483,consumable,8.99,44942,404028.58,1.0,4,6.2,1.9,3,0.368,0.0,C
SKU-0347,standard,357.92,1126,403017.92,2.0,2,84.0,5.4,2,0.125,1.0,C
SKU-1687,consumable,44.14,9108,402027.12,2.0,5,8.1,1.1,5,0.502,0.0,C
SKU-3240,standard,582.37,690,401835.3,2.0,5,15.8,3.5,3,0.116,1.0,C
SKU-3055,standard,375.49,1066,400272.34,2.0,5,14.5,4.2,2,0.247,1.0,C
SKU-2734,consumable,35.81,11160,399639.6,1.0,5,4.5,1.0,5,0.756,0.0,C
SKU-3006,consumable,35.29,11320,399482.8,1.0,5,5.3,0.6,5,0.531,0.0,C
SKU-2509,consumable,21.07,18945,399171.15,2.0,4,9.1,1.1,5,0.648,0.0,C
SKU-0409,consumable,46.08,8637,397992.96,2.0,5,8.1,1.9,5,0.469,0.0,C
SKU-1410,consumable,12.75,31162,397315.5,1.0,5,8.3,1.3,3,0.772,0.0,C
SKU-2658,consumable,27.23,14582,397067.86,2.0,3,3.7,0.5,5,0.303,0.0,C
SKU-1206,consumable,13.23,29893,395484.39,1.0,3,7.8,1.5,3,0.508,0.0,C
SKU-1864,standard,186.41,2122,395562.02,3.0,2,24.8,1.9,3,0.239,0.0,C
SKU-1960,consumable,8.35,47266,394671.1,2.0,5,2.6,1.4,4,0.498,0.0,C
SKU-0508,consumable,19.92,19706,392543.52,1.0,5,2.2,1.0,5,0.668,0.0,C
SKU-1668,consumable,14.96,26221,392266.16,2.0,5,6.2,1.4,4,0.387,0.0,C
SKU-0196,expensive_strategic,9806.03,40,392241.2,5.0,2,36.3,10.0,3,0.098,0.0,C
SKU-2164,consumable,22.11,17719,391767.09,1.0,3,5.4,1.7,3,0.573,0.0,C
SKU-2443,consumable,16.25,24091,391478.75,1.0,4,8.8,0.9,5,0.642,0.0,C
SKU-0595,consumable,28.16,13878,390804.48,1.0,5,2.4,1.8,5,0.443,0.0,C
SKU-1972,consumable,8.62,45273,390253.26,2.0,5,6.9,2.0,4,0.798,0.0,C
SKU-2457,standard,146.42,2660,389477.2,2.0,3,26.6,2.4,3,0.23,0.0,C
SKU-2288,expensive_strategic,12967.6,30,389028.0,5.0,1,40.2,8.3,2,0.073,2.0,C
SKU-1089,consumable,15.07,25805,388881.35,2.0,4,9.2,0.9,4,0.443,0.0,C
SKU-0293,consumable,42.35,9177,388645.95,2.0,5,9.5,1.5,5,0.336,0.0,C
SKU-0476,consumable,29.78,13041,388360.98,2.0,4,8.1,1.7,5,0.649,0.0,C
SKU-0164,standard,1039.4172661348805,998,1037338.43,3.0,3,16.1,1.8,3,0.341,1.0,C
SKU-1732,standard,1245.41,310,386077.1,2.0,2,23.8,3.1,3,0.24,0.0,C
SKU-0732,consumable,20.52,18667,383046.84,2.0,5,4.7,1.4,4,0.711,0.0,C
SKU-3157,consumable,10.29,37200,382788.0,2.0,5,2.8,1.1,3,0.379,0.0,C
SKU-1150,consumable,20.76,18375,381465.0,1.0,3,2.9,1.9,5,0.623,0.0,C
SKU-2782,consumable,42.53,8934,379963.02,2.0,3,3.7,0.9,4,0.645,0.0,C
SKU-1606,standard,154.72,2453,379528.16,3.0,2,17.7,5.2,3,0.192,1.0,C
SKU-2988,standard,105.66,3569,377100.54,3.0,3,21.0,2.4,2,0.342,0.0,C
SKU-0743,standard,103.01,3656,376604.56,3.0,2,29.9,5.6,2,0.133,0.0,C
SKU-0711,consumable,15.19,24767,376210.73,2.0,5,7.5,0.5,3,0.768,0.0,C
SKU-0653,standard,1062.27,354,376043.58,3.0,3,12.1,1.3,3,0.22,0.0,C
SKU-1167,consumable,47.2,7940,374768.0,1.0,5,5.2,0.9,3,0.355,0.0,C
SKU-1016,consumable,35.63,10466,372903.58,2.0,3,5.3,1.1,3,0.465,0.0,C
SKU-2359,standard,185.8,2005,372529.0,3.0,3,22.6,6.0,2,0.249,0.0,C
SKU-0315,consumable,37.84,9787,370340.08,1.0,5,4.9,1.7,3,0.53,0.0,C
SKU-0632,consumable,17.77,20743,368603.11,1.0,5,9.1,1.3,4,0.767,0.0,C
SKU-1108,consumable,48.12,7641,367684.92,2.0,4,2.4,1.4,4,0.625,0.0,C
SKU-0730,expensive_strategic,20349.24,18,366286.32,5.0,1,17.0,8.8,3,0.156,0.0,C
SKU-1558,standard,117.56,3109,365494.04,2.0,3,14.2,5.9,3,0.222,0.0,C
SKU-1903,consumable,27.57,13224,364585.68,1.0,3,4.6,1.2,4,0.323,0.0,C
SKU-2129,consumable,18.78,19404,364407.12,2.0,4,8.8,0.8,3,0.373,0.0,C
SKU-1733,standard,1718.5,212,364322.0,3.0,2,24.0,2.6,2,0.233,1.0,C
SKU-2473,consumable,47.38,7673,363546.74,1.0,3,9.4,0.9,4,0.791,0.0,C
SKU-1506,standard,198.79,1827,363189.33,3.0,3,18.9,7.0,2,0.183,1.0,C
SKU-0151,consumable,7.53,48204,362976.12,2.0,3,2.5,1.5,4,0.444,0.0,C
SKU-1488,standard,1367.24,265,362318.6,2.0,2,27.0,4.9,2,0.133,1.0,C
SKU-0009,standard,105.97,3416,361993.52,2.0,2,29.6,3.4,2,0.114,1.0,C
SKU-1835,consumable,21.37,16918,361537.66,1.0,5,6.8,1.5,3,0.372,0.0,C
SKU-1938,consumable,19.12,18911,361578.32,2.0,5,7.9,1.6,5,0.473,0.0,C
SKU-2965,consumable,20.27,17819,361191.13,2.0,5,7.2,1.4,3,0.502,0.0,C
SKU-2177,expensive_strategic,8205.83,44,361056.52,4.0,1,34.8,5.6,2,0.097,1.0,C
SKU-0482,standard,581.08,621,360850.68,3.0,2,12.4,6.2,2,0.229,0.0,C
SKU-0397,consumable,25.98,13886,360758.28,1.0,5,4.3,1.1,5,0.74,0.0,C
SKU-2677,standard,120.37,2990,359906.3,3.0,2,25.4,5.7,2,0.188,0.0,C
SKU-1264,standard,558.02,642,358248.84,2.0,2,16.8,4.8,2,0.13,0.0,C
SKU-2766,consumable,16.11,22185,357400.35,2.0,5,6.6,1.4,4,0.503,0.0,C
SKU-1889,standard,184.85,1921,355096.85,2.0,2,17.5,3.5,2,0.347,0.0,C
SKU-0646,consumable,20.19,17571,354758.49,1.0,3,9.9,1.3,4,0.489,0.0,C
SKU-2107,consumable,21.55,16383,353053.65,1.0,5,3.3,1.3,4,0.459,0.0,C
SKU-2942,standard,158.21,2231,352966.51,3.0,3,15.1,1.5,3,0.329,1.0,C
SKU-2945,consumable,15.19,23131,351359.89,1.0,3,3.3,0.9,5,0.403,0.0,C
SKU-1616,standard,232.22,1512,351116.64,3.0,3,12.4,4.3,3,0.217,0.0,C
SKU-0948,consumable,14.3,24546,351007.8,2.0,5,6.3,1.3,4,0.798,0.0,C
SKU-2619,consumable,40.75,8582,349716.5,2.0,3,9.7,1.5,5,0.642,0.0,C
SKU-2211,consumable,27.46,12735,349703.1,2.0,4,6.0,0.5,3,0.754,0.0,C
SKU-0517,standard,232.41,1499,348382.59,2.0,2,13.7,2.0,3,0.268,1.0,C
SKU-1965,standard,437.64,796,348361.44,2.0,2,13.3,3.4,2,0.258,1.0,C
SKU-2091,consumable,34.68,10028,347771.04,2.0,3,5.5,1.5,3,0.547,0.0,C
SKU-3270,standard,1530.25,226,345836.5,2.0,3,20.2,1.8,3,0.347,0.0,C
SKU-0814,consumable,34.8,9933,345668.4,2.0,3,4.5,0.6,4,0.716,0.0,C
SKU-1084,consumable,24.75346153846154,22784,563982.87,1.0,5,4.8,0.7,3,0.52,0.0,C
SKU-0781,standard,882.98,386,340830.28,2.0,3,28.4,6.8,2,0.277,0.0,C
SKU-2916,standard,402.94,844,340081.36,2.0,3,13.8,3.7,2,0.335,0.0,C
SKU-0756,consumable,7.83,43432,340072.56,1.0,5,5.4,1.0,4,0.763,0.0,C
SKU-1925,consumable,12.56,27000,339120.0,2.0,4,2.1,1.0,5,0.674,0.0,C
SKU-2134,standard,421.1,804,338564.4,3.0,2,21.7,3.7,3,0.213,1.0,C
SKU-3427,standard,125.73,2681,337082.13,3.0,2,11.1,5.8,3,0.276,1.0,C
SKU-2125,consumable,40.56,8304,336810.24,2.0,5,9.2,0.6,3,0.354,0.0,C
SKU-2459,standard,1199.05,280,335734.0,3.0,3,27.7,3.7,2,0.129,1.0,C
SKU-0869,consumable,40.55,8257,334821.35,2.0,4,3.4,1.7,4,0.427,0.0,C
SKU-2739,consumable,36.33,9213,334708.29,2.0,3,5.0,1.8,4,0.545,0.0,C
SKU-2499,consumable,8.04,41499,333651.96,2.0,5,5.5,1.4,4,0.459,0.0,C
SKU-2637,consumable,23.29,14302,333093.58,2.0,5,9.7,1.5,3,0.755,0.0,C
SKU-1008,consumable,21.8,15258,332624.4,1.0,5,8.1,1.1,4,0.664,0.0,C
SKU-3376,consumable,18.03,18409,331914.27,1.0,4,10.0,1.8,5,0.631,0.0,C
SKU-1432,standard,224.01,1474,330190.74,3.0,3,14.9,6.4,3,0.325,0.0,C
SKU-2372,consumable,38.35,8590,329426.5,1.0,5,6.4,1.6,4,0.673,0.0,C
SKU-0615,consumable,23.03,14280,328868.4,1.0,3,3.9,1.4,4,0.632,0.0,C
SKU-0790,consumable,11.78,27909,328768.02,2.0,5,5.2,0.8,4,0.442,0.0,C
SKU-0580,expensive_strategic,15635.15,21,328338.15,5.0,1,21.5,9.0,2,0.058,0.0,C
SKU-2052,standard,184.59,1772,327093.48,3.0,2,29.1,2.8,3,0.3,1.0,C
SKU-1545,consumable,21.42,15253,326719.26,2.0,4,3.7,1.0,3,0.579,0.0,C
SKU-2746,consumable,38.0,8564,325432.0,2.0,5,4.9,0.7,4,0.482,0.0,C
SKU-0391,consumable,11.09,29251,324393.59,1.0,3,3.9,1.2,5,0.469,0.0,C
SKU-0008,consumable,28.61,11335,324294.35,2.0,3,5.8,1.7,4,0.456,0.0,C
SKU-1890,consumable,31.48,10292,323992.16,1.0,4,5.9,1.5,4,0.586,0.0,C
SKU-3475,consumable,19.69,16353,321990.57,2.0,3,7.3,1.7,4,0.667,0.0,C
SKU-0339,standard,1069.99,300,320997.0,3.0,3,7.2,3.8,2,0.346,0.0,C
SKU-0243,consumable,12.34,25918,319828.12,2.0,3,9.7,2.0,3,0.6,0.0,C
SKU-0524,consumable,16.63,19205,319379.15,1.0,5,9.0,1.1,5,0.721,0.0,C
SKU-0139,standard,142.22,2231,317292.82,2.0,3,20.8,5.4,3,0.129,0.0,C
SKU-0465,consumable,6.72,47197,317163.84,1.0,5,5.4,1.3,3,0.339,0.0,C
SKU-1630,standard,232.44,1364,317048.16,2.0,2,12.6,5.6,3,0.159,0.0,C
SKU-3042,consumable,26.88,11787,316834.56,1.0,5,5.5,1.9,4,0.728,0.0,C
SKU-0413,consumable,47.84,6609,316174.56,2.0,3,6.6,1.9,5,0.551,0.0,C
SKU-0474,consumable,41.1,7691,316100.1,2.0,4,7.5,1.3,5,0.519,0.0,C
SKU-1531,expensive_strategic,10417.23,30,312516.9,4.0,2,42.1,6.8,2,0.163,1.0,C
SKU-2785,consumable,49.29,6337,312350.73,2.0,5,5.4,1.6,3,0.783,0.0,C
SKU-0689,consumable,6.53,47648,311141.44,2.0,5,7.5,1.7,3,0.479,0.0,C
SKU-0957,standard,325.82,949,309203.18,2.0,2,25.2,3.2,3,0.303,0.0,C
SKU-2561,consumable,6.81,45388,309092.28,1.0,4,5.9,0.7,3,0.722,0.0,C
SKU-0089,consumable,7.42,41469,307699.98,1.0,4,2.4,1.6,4,0.392,0.0,C
SKU-2153,standard,121.84,2515,306427.6,3.0,3,20.0,5.7,3,0.105,1.0,C
SKU-3190,consumable,48.58,6261,304159.38,1.0,3,7.7,0.7,5,0.796,0.0,C
SKU-1982,consumable,18.7,16164,302266.8,1.0,4,8.6,0.6,5,0.73,0.0,C
SKU-0194,standard,684.86,440,301338.4,2.0,3,19.4,2.1,3,0.239,0.0,C
SKU-3111,standard,523.99,573,300246.27,3.0,2,28.8,4.7,2,0.112,0.0,C
SKU-2142,standard,325.92,921,300172.32,2.0,3,28.9,5.2,2,0.276,1.0,C
SKU-1227,standard,894.9,335,299791.5,3.0,3,23.5,6.3,2,0.106,0.0,C
SKU-0390,consumable,22.92,12953,296882.76,1.0,3,3.5,1.2,5,0.68,0.0,C
SKU-0662,consumable,18.53,15961,295757.33,2.0,5,6.0,1.0,3,0.568,0.0,C
SKU-0248,consumable,20.31,14515,294799.65,2.0,5,6.7,1.6,5,0.74,0.0,C
SKU-1533,standard,452.01,645,291546.45,3.0,3,21.8,4.1,3,0.342,1.0,C
SKU-1049,consumable,36.09,8066,291101.94,1.0,4,5.8,2.0,4,0.6,0.0,C
SKU-2875,consumable,21.86,13312,291000.32,2.0,3,8.5,1.6,4,0.563,0.0,C
SKU-1061,consumable,7.2,40377,290714.4,1.0,5,5.6,1.6,4,0.315,0.0,C
SKU-0936,expensive_strategic,24210.74,12,290528.88,4.0,2,30.7,3.8,2,0.171,0.0,C
SKU-1231,consumable,9.26,31362,290412.12,1.0,3,44.0,1.8,3,0.746,0.0,C
SKU-1430,consumable,12.64,22760,287686.4,1.0,5,8.9,0.7,3,0.791,0.0,C
SKU-0186,standard,100.43,2859,287129.37,3.0,3,13.5,5.9,2,0.13,1.0,C
SKU-1477,consumable,8.03,35725,286871.75,1.0,3,2.5,1.4,3,0.695,0.0,C
SKU-0429,standard,279.36,1023,285785.28,3.0,2,11.4,3.8,3,0.266,0.0,C
SKU-2472,consumable,13.77,20727,285410.79,2.0,4,7.7,1.2,3,0.331,0.0,C
SKU-1608,consumable,23.99,11826,283705.74,2.0,4,6.7,0.6,5,0.37,0.0,C
SKU-0726,consumable,31.27,9065,283462.55,2.0,3,2.2,1.2,4,0.654,0.0,C
SKU-1054,consumable,24.88,11386,283283.68,1.0,5,4.0,1.1,3,0.325,0.0,C
SKU-1839,consumable,31.2,9058,282609.6,1.0,4,7.2,1.3,3,0.707,0.0,C
SKU-0560,standard,599.77,470,281891.9,3.0,3,28.8,3.2,3,0.319,1.0,C
SKU-0402,consumable,49.79,5655,281562.45,1.0,3,3.2,1.0,4,0.665,0.0,C
SKU-0483,standard,130.64,2147,280484.08,2.0,2,11.8,5.8,3,0.154,0.0,C
SKU-2023,consumable,19.0,14706,279414.0,1.0,3,4.8,1.5,4,0.535,0.0,C
SKU-2653,standard,137.11,2036,279155.96,2.0,2,12.4,4.8,3,0.298,0.0,C
SKU-0738,consumable,20.02,13938,279038.76,1.0,5,3.3,1.0,1,0.385,0.0,C
SKU-2896,consumable,8.83,31412,277367.96,1.0,3,9.6,1.7,4,0.739,0.0,C
SKU-1979,consumable,12.37,22283,275640.71,1.0,4,4.8,0.8,3,0.649,0.0,C
SKU-1107,standard,1061.84,258,273954.72,2.0,2,9.4,6.8,2,0.13,0.0,C
SKU-1444,standard,415.03,660,273919.8,3.0,3,29.4,3.2,3,0.293,1.0,C
SKU-1215,standard,181.7,1505,273458.5,2.0,2,11.1,5.3,2,0.216,1.0,C
SKU-0433,standard,497.21,544,270482.24,3.0,3,12.5,3.8,2,0.164,1.0,C
SKU-0567,standard,327.54,825,270220.5,3.0,2,26.0,1.3,2,0.316,1.0,C
SKU-2186,consumable,23.63,11391,269169.33,1.0,5,3.1,1.2,5,0.54,0.0,C
SKU-0972,consumable,6.32,42432,268170.24,1.0,5,8.6,1.5,3,0.34,0.0,C
SKU-0346,standard,245.91,1086,267058.26,3.0,2,29.2,6.5,3,0.293,0.0,C
SKU-0272,consumable,23.4,11386,266432.4,2.0,4,2.1,1.6,3,0.584,0.0,C
SKU-2542,consumable,8.16,32518,265346.88,2.0,5,6.5,1.1,3,0.373,0.0,C
SKU-1192,standard,120.83,2195,265221.85,3.0,2,29.8,3.7,2,0.163,0.0,C
SKU-1646,consumable,49.19,5390,265134.1,2.0,3,2.3,1.1,3,0.597,0.0,C
SKU-2756,expensive_strategic,26399.88,10,263998.8,5.0,5,27.1,6.5,3,0.105,0.0,C
SKU-1382,standard,190.6,1384,263790.4,3.0,2,26.5,6.1,2,0.102,1.0,C
SKU-3353,consumable,39.58,6624,262177.92,1.0,5,3.9,0.6,3,0.566,0.0,C
SKU-2737,consumable,14.27,18352,261883.04,2.0,5,3.3,1.8,4,0.635,0.0,C
SKU-0108,consumable,15.49,16882,261502.18,2.0,4,6.0,1.5,4,0.599,0.0,C
SKU-2895,expensive_strategic,18669.27,14,261369.78,4.0,2,27.8,9.3,3,0.154,0.0,C
SKU-3051,expensive_strategic,18634.59,14,260884.26,5.0,2,18.7,5.1,2,0.183,0.0,C
SKU-3423,consumable,35.62,7283,259420.46,1.0,4,5.8,1.5,3,0.661,0.0,C
SKU-3408,consumable,7.46,34646,258459.16,1.0,4,6.2,1.9,3,0.442,0.0,C
SKU-1828,consumable,24.75346153846154,6103,151070.38,1.0,4,5.7,1.7,5,0.597,0.0,C
SKU-0997,consumable,14.17,18105,256547.85,2.0,5,6.9,2.0,3,0.406,0.0,C
SKU-1621,standard,103.28,2477,255824.56,3.0,2,20.2,4.6,2,0.324,0.0,C
SKU-3499,expensive_strategic,15871.57,16,253945.12,5.0,2,16.7,6.1,3,0.08,1.0,C
SKU-2212,consumable,15.96,15821,252503.16,1.0,3,6.0,1.6,3,0.74,0.0,C
SKU-1852,consumable,6.24,40357,251827.68,2.0,3,2.5,0.7,5,0.524,0.0,C
SKU-1749,consumable,13.0,19243,250159.0,2.0,4,5.6,1.4,4,0.413,0.0,C
SKU-1899,standard,434.53,575,249854.75,3.0,5,24.9,1.4,2,0.131,0.0,C
SKU-0835,standard,799.36,311,248600.96,2.0,2,15.0,5.3,3,0.24,0.0,C
SKU-3448,standard,328.7,756,248497.2,2.0,3,15.4,3.0,3,0.281,0.0,C
SKU-2692,standard,1142.62,217,247948.54,3.0,2,19.3,2.1,2,0.183,1.0,C
SKU-0760,consumable,21.89,11265,246590.85,2.0,3,6.2,1.1,3,0.618,0.0,C
SKU-2592,consumable,31.57,7713,243499.41,2.0,5,7.2,0.8,5,0.724,0.0,C
SKU-2255,consumable,27.44,8860,243118.4,2.0,5,2.1,1.1,3,0.532,0.0,C
SKU-1357,consumable,20.28,11978,242913.84,2.0,3,6.7,1.0,4,0.468,0.0,C
SKU-1407,consumable,31.09,7800,242502.0,2.0,3,10.0,1.0,4,0.312,0.0,C
SKU-0342,standard,432.08,561,242396.88,2.0,2,12.8,1.4,2,0.168,0.0,C
SKU-2287,consumable,11.97,20230,242153.1,1.0,5,4.7,0.9,3,0.666,0.0,C
SKU-2041,consumable,14.99,16120,241638.8,1.0,4,3.5,1.0,3,0.459,0.0,C
SKU-1690,consumable,10.44,23093,241090.92,1.0,5,3.0,1.9,4,0.586,0.0,C
SKU-1855,consumable,5.85,41175,240873.75,2.0,4,7.9,1.1,3,0.425,0.0,C
SKU-2939,consumable,14.19,16739,237526.41,2.0,3,9.8,1.7,3,0.519,0.0,C
SKU-2406,standard,263.0,902,237226.0,2.0,2,17.5,5.6,2,0.318,0.0,C
SKU-3454,standard,1124.53,210,236151.3,2.0,2,21.8,6.6,2,0.211,1.0,C
SKU-3280,consumable,31.44,7486,235359.84,2.0,5,3.1,1.1,4,0.69,0.0,C
SKU-2428,consumable,14.35,16369,234895.15,2.0,3,3.8,1.6,3,0.344,0.0,C
SKU-0268,standard,1075.06,218,234363.08,2.0,3,12.2,2.0,3,0.194,1.0,C
SKU-0365,consumable,19.72,11871,234096.12,1.0,4,4.9,1.4,5,0.355,0.0,C
SKU-2749,consumable,36.44,6416,233799.04,2.0,5,7.8,1.2,3,0.603,0.0,C
SKU-3283,consumable,9.07,25587,232074.09,2.0,3,8.4,0.6,5,0.426,0.0,C
SKU-0199,consumable,22.56,10269,231668.64,2.0,4,6.1,1.7,4,0.551,0.0,C
SKU-2080,consumable,29.74,7785,231525.9,1.0,5,5.3,1.3,5,0.78,0.0,C
SKU-0797,consumable,9.34,24764,231295.76,1.0,5,5.9,0.6,5,0.652,0.0,C
SKU-1242,consumable,7.23,31981,231222.63,1.0,4,6.0,1.1,3,0.538,0.0,C
SKU-1587,standard,241.35,957,230971.95,2.0,2,23.7,5.8,3,0.308,0.0,C
SKU-1307,standard,238.54,957,228282.78,2.0,3,13.8,1.1,2,0.296,1.0,C
SKU-1161,consumable,14.89,15329,228248.81,2.0,5,3.7,1.4,3,0.394,0.0,C
SKU-0166,consumable,37.52,6074,227896.48,2.0,5,2.1,1.3,4,0.692,0.0,C
SKU-3439,consumable,12.94,17463,225971.22,1.0,3,2.7,1.5,5,0.546,0.0,C
SKU-2089,consumable,14.22,15870,225671.4,2.0,3,9.2,0.8,4,0.675,0.0,C
SKU-2201,consumable,17.08,13155,224687.4,1.0,5,9.5,0.7,5,0.525,0.0,C
SKU-1025,consumable,6.34,35119,222654.46,1.0,4,2.8,1.4,4,0.33,0.0,C
SKU-0898,consumable,7.6,29173,221714.8,2.0,3,5.6,1.4,4,0.519,0.0,C
SKU-2839,consumable,7.01,31432,220338.32,1.0,5,3.9,1.6,1,0.705,0.0,C
SKU-1756,consumable,17.78,12399,220454.22,2.0,4,9.7,1.0,5,0.355,0.0,C
SKU-2628,standard,828.15,266,220287.9,2.0,3,17.5,4.0,2,0.104,0.0,C
SKU-1158,consumable,5.21,42230,220018.3,1.0,5,9.5,1.5,4,0.597,0.0,C
SKU-2854,consumable,4.98,44179,220011.42,2.0,5,3.2,2.0,3,0.441,0.0,C
SKU-3432,consumable,10.54,20790,219126.6,1.0,5,5.2,0.6,5,0.784,0.0,C
SKU-1801,consumable,5.5,39795,218872.5,2.0,5,6.9,0.6,4,0.443,0.0,C
SKU-2717,standard,477.32,452,215748.64,2.0,2,7.1,6.0,3,0.217,1.0,C
SKU-1515,expensive_strategic,7683.78,28,215145.84,5.0,2,42.5,5.8,3,0.195,0.0,C
SKU-3142,consumable,44.59,4801,214076.59,2.0,5,7.4,0.9,3,0.774,0.0,C
SKU-3205,standard,639.34,334,213539.56,2.0,3,22.9,4.7,2,0.216,0.0,C
SKU-1565,consumable,25.97,8139,211369.83,1.0,5,4.5,0.9,4,0.742,0.0,C
SKU-2341,consumable,20.15,10456,210688.4,2.0,4,2.5,0.6,5,0.378,0.0,C
SKU-2769,standard,155.46,1355,210648.3,3.0,3,26.5,6.4,3,0.135,1.0,C
SKU-1643,standard,281.38,748,210472.24,2.0,3,28.5,4.5,2,0.152,1.0,C
SKU-0710,standard,137.48,1529,210206.92,2.0,3,11.8,3.3,3,0.289,0.0,C
SKU-1624,consumable,9.59,21760,208678.4,2.0,4,9.1,1.1,3,0.714,0.0,C
SKU-1118,consumable,26.2,7953,208368.6,1.0,4,4.4,0.7,5,0.507,0.0,C
SKU-0422,consumable,5.17,40287,208283.79,1.0,5,9.7,1.6,4,0.734,0.0,C
SKU-1976,consumable,49.14,4240,208353.6,2.0,5,2.4,0.8,5,0.653,0.0,C
SKU-2420,standard,483.08,431,208207.48,3.0,2,18.9,5.6,2,0.238,0.0,C
SKU-0954,consumable,15.38,13502,207660.76,1.0,5,5.7,1.0,5,0.618,0.0,C
SKU-2045,consumable,9.88,20968,207163.84,2.0,4,6.2,0.7,3,0.38,0.0,C
SKU-2390,standard,1039.4172661348805,1638,1702565.48,2.0,2,18.4,1.4,2,0.315,1.0,C
SKU-2231,standard,383.18,538,206150.84,2.0,3,24.0,6.7,3,0.166,0.0,C
SKU-1831,consumable,35.43,5809,205812.87,2.0,5,6.3,0.9,4,0.703,0.0,C
SKU-1560,consumable,12.84,16034,205876.56,2.0,5,2.3,1.2,4,0.708,0.0,C
SKU-1312,consumable,4.56,44794,204260.64,1.0,3,7.1,1.7,3,0.517,0.0,C
SKU-0002,consumable,42.52,4805,204308.6,2.0,5,5.5,1.1,3,0.726,0.0,C
SKU-0916,standard,120.31,1697,204166.07,3.0,3,18.3,2.9,2,0.126,1.0,C
SKU-3466,standard,378.35,537,203173.95,3.0,3,15.5,2.2,2,0.249,0.0,C
SKU-3033,consumable,5.68,35665,202577.2,1.0,4,8.9,1.9,4,0.735,0.0,C
SKU-3377,consumable,4.35,46507,202305.45,1.0,4,5.2,1.4,3,0.362,0.0,C
SKU-1743,consumable,10.24,19722,201953.28,1.0,3,3.1,1.2,5,0.548,0.0,C
SKU-1379,standard,711.86,283,201456.38,3.0,2,23.5,2.3,2,0.311,1.0,C
SKU-2861,consumable,7.68,26127,200655.36,2.0,3,8.6,1.7,4,0.39,0.0,C
SKU-2056,standard,258.59,774,200148.66,3.0,2,7.0,1.7,3,0.232,1.0,C
SKU-3159,consumable,20.7,9637,199485.9,2.0,5,7.2,1.9,4,0.391,0.0,C
SKU-2914,consumable,15.24,13031,198592.44,2.0,5,5.6,0.7,5,0.767,0.0,C
SKU-3020,consumable,4.28,46272,198044.16,1.0,3,4.6,1.9,5,0.554,0.0,C
SKU-3000,consumable,4.95,39746,196742.7,2.0,4,5.1,1.7,5,0.625,0.0,C
SKU-2274,standard,810.09,240,194421.6,3.0,2,26.2,3.2,2,0.263,0.0,C
SKU-2929,consumable,12.56,15392,193323.52,2.0,5,8.3,0.6,4,0.451,0.0,C
SKU-2423,consumable,6.6,29268,193168.8,2.0,5,6.0,0.8,5,0.678,0.0,C
SKU-3077,consumable,7.13,26944,192110.72,1.0,5,5.8,1.3,4,0.634,0.0,C
SKU-0499,consumable,17.31,11067,191569.77,1.0,3,6.0,1.2,3,0.427,0.0,C
SKU-1389,consumable,6.33,29807,188678.31,1.0,4,3.6,1.7,5,0.39,0.0,C
SKU-1783,standard,762.21,247,188265.87,3.0,3,14.7,4.3,2,0.141,0.0,C
SKU-1249,consumable,12.73,14778,188123.94,1.0,5,4.4,0.7,3,0.729,0.0,C
SKU-0621,expensive_strategic,5530.09,34,188023.06,5.0,1,24.1,4.2,3,0.137,0.0,C
SKU-0578,consumable,18.77,9983,187380.91,1.0,5,6.9,0.7,3,0.423,0.0,C
SKU-1126,standard,161.99,1154,186936.46,2.0,3,16.4,6.0,3,0.179,0.0,C
SKU-1861,consumable,4.36,42815,186673.4,2.0,4,3.1,1.7,4,0.593,0.0,C
SKU-1786,consumable,9.26,20112,186237.12,2.0,5,4.7,1.5,3,0.593,0.0,C
SKU-0893,consumable,3.91,47639,186268.49,1.0,3,6.8,0.9,4,0.717,0.0,C
SKU-1675,consumable,5.4,34411,185819.4,1.0,3,9.5,1.8,5,0.542,0.0,C
SKU-0944,consumable,33.85,5478,185430.3,1.0,3,9.5,1.0,4,0.546,0.0,C
SKU-2735,consumable,4.01,46158,185093.58,2.0,5,3.6,1.8,3,0.358,0.0,C
SKU-1670,consumable,24.75346153846154,8087,200181.24,1.0,4,5.2,1.2,4,0.679,0.0,C
SKU-2141,consumable,5.18,35117,181906.06,1.0,3,9.7,1.2,3,0.653,0.0,C
SKU-1245,consumable,44.73,4046,180977.58,2.0,5,29.0,1.3,3,0.515,0.0,C
SKU-0122,consumable,24.37,7411,180606.07,2.0,4,4.5,0.8,3,0.362,0.0,C
SKU-2525,consumable,9.83,18275,179643.25,2.0,3,4.6,1.7,5,0.486,0.0,C
SKU-2166,consumable,18.34,9791,179566.94,1.0,3,3.8,1.2,5,0.532,0.0,C
SKU-1409,standard,671.12,266,178517.92,3.0,2,22.8,6.8,2,0.168,1.0,C
SKU-1024,consumable,18.66,9539,177997.74,2.0,4,10.0,1.2,4,0.714,0.0,C
SKU-2721,consumable,11.19,15789,176678.91,1.0,3,8.4,1.1,4,0.545,0.0,C
SKU-1916,standard,186.98,944,176509.12,3.0,3,27.7,5.6,2,0.114,0.0,C
SKU-1196,consumable,15.25,11498,175344.5,1.0,3,4.1,1.9,4,0.716,0.0,C
SKU-3207,consumable,4.63,37740,174736.2,1.0,5,3.3,0.6,5,0.454,0.0,C
SKU-0533,consumable,37.63,4621,173888.23,2.0,3,4.5,1.8,3,0.602,0.0,C
SKU-2807,consumable,12.52,13885,173840.2,1.0,5,6.0,0.7,4,0.488,0.0,C
SKU-2673,standard,285.34,609,173772.06,3.0,3,23.2,5.9,3,0.188,0.0,C
SKU-2719,consumable,8.03,21521,172813.63,1.0,5,3.6,0.7,3,0.35,0.0,C
SKU-1142,expensive_strategic,7184.77,24,172434.48,5.0,2,16.5,5.3,3,0.084,0.0,C
SKU-3133,consumable,19.56,8788,171893.28,2.0,4,8.3,1.3,1,0.395,0.0,C
SKU-3275,consumable,26.78,6384,170963.52,1.0,4,4.7,1.5,3,0.663,0.0,C
SKU-2034,consumable,9.11,18626,169682.86,1.0,3,6.0,1.0,5,0.628,0.0,C
SKU-3292,consumable,18.69,9056,169256.64,1.0,5,3.0,0.9,5,0.693,0.0,C
SKU-2219,consumable,7.78,21405,166530.9,1.0,4,9.1,1.4,4,0.629,0.0,C
SKU-1806,consumable,10.29,16070,165360.3,2.0,3,6.4,0.8,3,0.489,0.0,C
SKU-2486,consumable,14.15,11631,164578.65,1.0,4,4.6,1.7,5,0.602,0.0,C
SKU-0559,consumable,45.81,3586,164274.66,1.0,4,6.0,0.8,5,0.743,0.0,C
SKU-1845,consumable,5.87,27925,163919.75,2.0,3,7.2,0.8,4,0.669,0.0,C
SKU-2149,standard,242.87,673,163451.51,2.0,2,22.1,3.6,3,0.277,1.0,C
SKU-1038,standard,793.55,205,162677.75,2.0,2,17.7,7.0,2,0.258,1.0,C
SKU-3064,standard,251.06,645,161933.7,3.0,2,25.6,1.9,3,0.178,0.0,C
SKU-0274,consumable,31.14,5175,161149.5,2.0,4,6.1,1.2,4,0.745,0.0,C
SKU-2528,consumable,40.59,3936,159762.24,1.0,4,8.6,1.0,3,0.427,0.0,C
SKU-3319,consumable,7.3,21829,159351.7,2.0,3,2.1,0.7,3,0.438,0.0,C
SKU-0012,consumable,10.56,15031,158727.36,1.0,5,6.5,1.5,5,0.359,0.0,C
SKU-2632,standard,136.16,1141,155358.56,3.0,2,10.6,1.2,2,0.26,0.0,C
SKU-1469,consumable,12.47,12447,155214.09,1.0,4,2.9,0.9,4,0.602,0.0,C
SKU-3327,consumable,29.76,5188,154394.88,1.0,5,4.2,1.8,3,0.68,0.0,C
SKU-1349,consumable,3.4,45179,153608.6,1.0,4,2.1,1.0,5,0.542,0.0,C
SKU-1373,consumable,20.15,7590,152938.5,2.0,4,2.6,0.5,4,0.519,0.0,C
SKU-3075,standard,132.29,1154,152662.66,3.0,2,23.7,5.1,2,0.212,0.0,C
SKU-2886,consumable,3.77,40367,152183.59,1.0,3,4.6,1.5,5,0.319,0.0,C
SKU-3497,consumable,14.73,10221,150555.33,1.0,4,5.2,2.0,4,0.694,0.0,C
SKU-0385,standard,249.97,600,149982.0,2.0,2,15.3,3.2,2,0.199,0.0,C
SKU-1063,consumable,17.2,8666,149055.2,2.0,3,6.7,1.7,5,0.333,0.0,C
SKU-1631,consumable,4.19,35527,148858.13,1.0,4,6.3,1.5,4,0.652,0.0,C
SKU-1308,consumable,8.54,17373,148365.42,2.0,3,9.6,0.9,4,0.472,0.0,C
SKU-0647,standard,295.6,502,148391.2,2.0,3,17.8,6.1,2,0.181,1.0,C
SKU-3498,consumable,22.26,6654,148118.04,1.0,3,8.7,0.6,3,0.608,0.0,C
SKU-1356,consumable,23.29,6350,147891.5,1.0,4,3.8,0.6,5,0.406,0.0,C
SKU-3359,consumable,30.07,4915,147794.05,1.0,4,8.6,1.0,4,0.505,0.0,C
SKU-3495,standard,343.86,429,147515.94,2.0,3,30.0,2.2,2,0.342,1.0,C
SKU-2122,standard,233.21,632,147388.72,2.0,2,19.6,3.5,3,0.232,1.0,C
SKU-1585,consumable,4.8,30605,146904.0,1.0,5,4.9,1.8,3,0.577,0.0,C
SKU-1900,consumable,12.93,11272,145746.96,1.0,5,8.7,1.4,3,0.655,0.0,C
SKU-2437,standard,623.96,232,144758.72,2.0,3,14.3,2.8,3,0.233,0.0,C
SKU-0980,standard,163.49,885,144688.65,2.0,2,20.4,6.7,2,0.305,0.0,C
SKU-2054,consumable,15.01,9614,144306.14,2.0,4,7.8,1.9,4,0.714,0.0,C
SKU-0364,standard,518.89,278,144251.42,3.0,3,26.6,6.6,3,0.205,1.0,C
SKU-0193,consumable,16.97,8465,143651.05,1.0,5,2.1,1.9,5,0.3,0.0,C
SKU-2700,consumable,6.37,22264,141821.68,1.0,5,8.7,0.7,5,0.619,0.0,C
SKU-2315,consumable,44.01,3192,140479.92,1.0,3,7.7,1.6,3,0.571,0.0,C
SKU-0479,consumable,8.34,16754,139728.36,1.0,4,4.9,1.7,3,0.673,0.0,C
SKU-0616,consumable,6.56,21256,139439.36,1.0,5,5.1,1.0,3,0.71,0.0,C
SKU-1665,consumable,11.22,12340,138454.8,2.0,3,6.7,1.2,5,0.526,0.0,C
SKU-1111,consumable,31.67,4332,137194.44,2.0,3,6.5,1.6,5,0.578,0.0,C
SKU-1626,standard,311.4,439,136704.6,2.0,3,26.1,5.4,2,0.142,0.0,C
SKU-0093,consumable,5.4,25209,136128.6,2.0,4,6.0,1.8,4,0.372,0.0,C
SKU-3092,consumable,2.96,45810,135597.6,2.0,5,3.5,1.1,5,0.398,0.0,C
SKU-0114,consumable,4.76,28405,135207.8,2.0,5,7.3,2.0,4,0.477,0.0,C
SKU-1371,consumable,5.69,23706,134887.14,1.0,3,5.1,1.8,4,0.408,0.0,C
SKU-1104,consumable,9.13,14647,133727.11,2.0,5,6.8,1.5,4,0.478,0.0,C
SKU-2591,consumable,11.59,11535,133690.65,1.0,5,6.2,2.0,3,0.53,0.0,C
SKU-0672,consumable,13.86,9630,133471.8,1.0,5,4.8,2.0,5,0.538,0.0,C
SKU-0569,consumable,28.06,4747,133200.82,2.0,5,9.9,1.9,3,0.428,0.0,C
SKU-1299,standard,155.06,853,132266.18,3.0,3,13.9,6.1,3,0.312,0.0,C
SKU-0990,consumable,21.08,6271,132192.68,2.0,4,4.7,0.8,4,0.563,0.0,C
SKU-0277,consumable,4.64,28307,131344.48,1.0,4,4.4,1.9,5,0.496,0.0,C
SKU-0858,standard,316.5,408,129132.0,3.0,3,176.0,7.0,2,0.1,0.0,C
SKU-2440,expensive_strategic,6789.49,19,129000.31,4.0,2,29.1,9.8,3,0.106,1.0,C
SKU-1030,consumable,35.57,3613,128514.41,1.0,3,4.0,1.1,4,0.4,0.0,C
SKU-2711,consumable,44.44,2885,128209.4,1.0,3,41.0,1.9,3,0.483,0.0,C
SKU-3116,consumable,7.32,17505,128136.6,2.0,5,8.8,1.4,3,0.596,0.0,C
SKU-0982,consumable,9.63,13186,126981.18,1.0,5,8.9,0.5,3,0.484,0.0,C
SKU-1574,consumable,46.77,2694,125998.38,2.0,4,2.4,0.9,4,0.613,0.0,C
SKU-1323,consumable,16.41,7659,125684.19,1.0,5,8.6,2.0,3,0.421,0.0,C
SKU-1656,consumable,2.97,41922,124508.34,2.0,3,8.8,1.4,3,0.593,0.0,C
SKU-1554,consumable,11.9,10174,121070.6,1.0,3,9.4,1.6,3,0.425,0.0,C
SKU-0400,consumable,5.67,21365,121139.55,2.0,4,7.0,1.9,5,0.636,0.0,C
SKU-1935,standard,124.35,963,119749.05,3.0,3,27.9,6.8,2,0.346,0.0,C
SKU-1051,consumable,29.49,4052,119493.48,1.0,5,6.0,1.3,3,0.308,0.0,C
SKU-1448,consumable,5.85,20323,118889.55,2.0,4,5.2,0.8,4,0.788,0.0,C
SKU-2352,consumable,5.54,21303,118018.62,1.0,5,7.2,1.9,3,0.35,0.0,C
SKU-1166,consumable,20.67,5697,117756.99,1.0,4,7.6,0.9,4,0.651,0.0,C
SKU-1172,consumable,2.67,43864,117116.88,1.0,5,5.5,1.6,5,0.404,0.0,C
SKU-2378,consumable,4.13,28100,116053.0,1.0,3,8.4,1.1,3,0.37,0.0,C
SKU-2205,standard,312.5,367,114687.5,2.0,2,11.4,1.2,2,0.121,0.0,C
SKU-2121,consumable,26.41,4311,113853.51,2.0,4,9.9,1.2,4,0.61,0.0,C
SKU-3341,consumable,16.03,7087,113604.61,2.0,3,4.3,0.7,5,0.752,0.0,C
SKU-2071,consumable,4.94,23006,113649.64,1.0,4,3.1,1.8,4,0.419,0.0,C
SKU-0394,consumable,25.16,4513,113547.08,2.0,3,6.7,1.6,5,0.762,0.0,C
SKU-0198,consumable,3.09,36525,112862.25,1.0,3,9.6,0.9,3,0.37,0.0,C
SKU-3455,consumable,2.88,38985,112276.8,1.0,5,9.1,1.4,5,0.323,0.0,C
SKU-3186,standard,163.83,678,111076.74,3.0,2,12.9,4.7,2,0.186,1.0,C
SKU-2497,standard,217.85,505,110014.25,2.0,3,13.0,6.3,2,0.328,0.0,C
SKU-0527,standard,468.84,232,108770.88,3.0,2,26.2,6.1,2,0.319,0.0,C
SKU-1467,consumable,10.3,10483,107974.9,2.0,4,6.0,0.8,3,0.633,0.0,C
SKU-1387,consumable,9.47,11349,107475.03,1.0,5,3.8,2.0,3,0.648,0.0,C
SKU-2902,consumable,5.19,20628,107059.32,1.0,5,5.7,0.7,5,0.695,0.0,C
SKU-0184,consumable,3.26,32875,107172.5,1.0,5,4.6,1.4,5,0.723,0.0,C
SKU-1164,standard,147.14,727,106970.78,3.0,2,11.2,1.2,2,0.111,0.0,C
SKU-2192,consumable,5.71,18490,105577.9,2.0,3,9.8,1.5,5,0.717,0.0,C
SKU-2136,consumable,8.04,13128,105549.12,1.0,5,4.8,2.0,3,0.441,0.0,C
SKU-2821,consumable,6.68,15635,104441.8,1.0,3,4.3,0.6,3,0.31,0.0,C
SKU-0555,consumable,3.55,29343,104167.65,1.0,4,8.0,0.9,3,0.542,0.0,C
SKU-0638,expensive_strategic,5713.41,18,102841.38,4.0,1,26.0,4.7,3,0.137,2.0,C
SKU-3494,consumable,15.71,6493,102005.03,1.0,5,9.9,0.6,3,0.549,0.0,C
SKU-1854,consumable,45.63,2224,101481.12,1.0,4,3.9,1.3,4,0.798,0.0,C
SKU-0470,consumable,22.87,4412,100902.44,1.0,5,4.9,1.7,3,0.537,0.0,C
SKU-1592,consumable,8.8,11340,99792.0,1.0,3,5.5,1.3,4,0.337,0.0,C
SKU-2611,consumable,29.87,3319,99138.53,1.0,4,9.5,1.1,5,0.601,0.0,C
SKU-2984,consumable,26.04,3801,98978.04,2.0,4,8.4,0.7,5,0.402,0.0,C
SKU-0081,consumable,8.65,11374,98385.1,2.0,5,3.4,1.0,5,0.589,0.0,C
SKU-3167,consumable,2.67,36801,98258.67,2.0,3,2.6,1.5,3,0.785,0.0,C
SKU-1837,critical_cheap,48.67,1999,97291.33,4.0,1,82.6,16.0,1,0.233,4.0,C
SKU-0685,consumable,40.27,2384,96003.68,2.0,5,5.2,1.7,3,0.688,0.0,C
SKU-1201,consumable,20.58,4651,95717.58,2.0,4,5.8,1.3,3,0.419,0.0,C
SKU-2119,critical_cheap,47.99,1986,95308.14,5.0,1,98.6,17.9,1,0.34,3.0,C
SKU-1742,standard,263.5,360,94860.0,2.0,2,29.4,2.8,2,0.14,0.0,C
SKU-0906,consumable,11.52,8140,93772.8,1.0,4,9.6,2.0,3,0.489,0.0,C
SKU-1736,consumable,28.74,3251,93433.74,2.0,4,6.0,0.7,4,0.673,0.0,C
SKU-1658,expensive_strategic,8488.91,11,93378.01,4.0,1,22.9,4.5,3,0.134,1.0,C
SKU-2516,consumable,20.42,4498,91849.16,1.0,5,6.9,1.6,3,0.323,0.0,C
SKU-0933,consumable,21.82,4201,91665.82,1.0,4,6.7,1.2,5,0.554,0.0,C
SKU-0431,critical_cheap,49.1,1860,91326.0,5.0,1,120.0,13.5,1,0.203,5.0,C
SKU-1635,consumable,2.08,43721,90939.68,1.0,5,9.9,1.8,3,0.486,0.0,C
SKU-0649,consumable,2.51,36096,90600.96,2.0,5,9.6,1.2,5,0.726,0.0,C
SKU-0736,consumable,12.44,7277,90525.88,1.0,3,7.6,1.5,3,0.695,0.0,C
SKU-2010,standard,123.16,728,89660.48,3.0,3,18.7,5.3,2,0.152,0.0,C
SKU-0437,critical_cheap,49.63,1802,89433.26,4.0,1,93.9,11.8,1,0.324,5.0,C
SKU-3284,consumable,19.61,4556,89343.16,1.0,5,6.6,1.6,3,0.34,0.0,C
SKU-0053,consumable,6.7,13306,89150.2,1.0,5,2.4,1.5,5,0.477,0.0,C
SKU-1156,consumable,9.75,9142,89134.5,1.0,4,7.3,1.5,5,0.462,0.0,C
SKU-1955,consumable,2.06,43083,88750.98,1.0,5,3.2,1.9,4,0.423,0.0,C
SKU-3226,consumable,28.56,3071,87707.76,1.0,3,3.6,0.7,3,0.322,0.0,C
SKU-1284,critical_cheap,46.76,1874,87628.24,5.0,2,91.6,25.8,1,0.235,3.0,C
SKU-0220,consumable,3.51,24817,87107.67,2.0,4,6.7,1.2,4,0.617,0.0,C
SKU-3393,consumable,4.26,20365,86754.9,1.0,5,2.7,1.0,3,0.65,0.0,C
SKU-1274,critical_cheap,45.07,1917,86399.19,5.0,2,67.7,14.8,1,0.458,6.0,C
SKU-2150,consumable,17.35,4967,86177.45,2.0,4,8.3,1.5,4,0.723,0.0,C
SKU-1940,critical_cheap,48.16,1787,86061.92,5.0,2,115.0,18.1,1,0.281,8.0,C
SKU-1524,critical_cheap,47.49,1804,85671.96,5.0,1,61.7,28.2,1,0.446,6.0,C
SKU-0752,consumable,2.1,40695,85459.5,2.0,3,9.3,1.6,4,0.343,0.0,C
SKU-2647,consumable,1.73,49526,85679.98,2.0,5,6.1,0.8,4,0.54,0.0,C
SKU-1310,consumable,2.92,29207,85284.44,1.0,4,3.5,1.1,4,0.603,0.0,C
SKU-2683,critical_cheap,45.79,1853,84848.87,4.0,1,89.5,15.5,1,0.414,7.0,C
SKU-2176,consumable,2.75,30843,84818.25,2.0,3,5.4,1.3,5,0.357,0.0,C
SKU-1547,consumable,43.69,1929,84278.01,1.0,3,6.4,1.5,5,0.347,0.0,C
SKU-0257,consumable,12.87,6515,83848.05,2.0,5,7.1,1.6,3,0.503,0.0,C
SKU-3379,critical_cheap,45.08,1841,82992.28,5.0,1,62.3,12.9,1,0.297,8.0,C
SKU-1018,standard,132.15,627,82858.05,3.0,2,18.6,3.0,2,0.167,0.0,C
SKU-1428,consumable,24.75346153846154,11928,295259.29,2.0,5,4.7,2.0,3,0.314,0.0,C
SKU-0128,consumable,4.34,18857,81839.38,2.0,5,7.1,1.7,3,0.307,0.0,C
SKU-1685,critical_cheap,49.4,1655,81757.0,4.0,1,68.2,20.8,1,0.244,6.0,C
SKU-1105,consumable,13.55,6028,81679.4,2.0,5,6.6,1.8,3,0.661,0.0,C
SKU-0681,consumable,16.43,4970,81657.1,2.0,5,5.6,1.9,3,0.66,0.0,C
SKU-0260,critical_cheap,46.59,1751,81579.09,4.0,2,88.5,13.4,1,0.306,5.0,C
SKU-2403,standard,201.58,402,81035.16,3.0,2,10.4,1.5,3,0.171,0.0,C
SKU-0077,consumable,3.78,21323,80600.94,2.0,3,4.7,1.7,5,0.621,0.0,C
SKU-0751,critical_cheap,49.8,1601,79729.8,4.0,1,78.5,22.2,1,0.489,3.0,C
SKU-0600,critical_cheap,48.23,1625,78373.75,4.0,2,88.8,17.3,1,0.474,8.0,C
SKU-2381,consumable,2.58,29690,76600.2,2.0,3,8.1,1.2,4,0.322,0.0,C
SKU-0719,critical_cheap,46.47,1631,75792.57,5.0,2,72.3,14.9,1,0.499,3.0,C
SKU-0446,consumable,8.06,9353,75385.18,1.0,4,5.9,0.6,4,0.602,0.0,C
SKU-2011,critical_cheap,40.49,1851,74946.99,5.0,2,90.7,11.6,1,0.376,4.0,C
SKU-0412,consumable,18.72,3983,74561.76,2.0,5,4.9,0.7,4,0.388,0.0,C
SKU-0589,critical_cheap,45.27,1646,74514.42,4.0,2,85.4,23.0,1,0.207,8.0,C
SKU-2937,consumable,5.14,14208,73029.12,1.0,5,9.7,1.4,3,0.403,0.0,C
SKU-0022,critical_cheap,39.76,1824,72522.24,5.0,1,89.2,18.6,1,0.379,7.0,C
SKU-1876,standard,127.79,564,72073.56,3.0,2,26.8,3.0,2,0.112,0.0,C
SKU-0100,critical_cheap,41.55,1730,71881.5,5.0,2,96.4,17.8,1,0.272,3.0,C
SKU-2928,consumable,1.44,49757,71650.08,1.0,5,10.0,1.4,3,0.785,0.0,C
SKU-2667,critical_cheap,47.51,1477,70172.27,5.0,1,80.9,18.2,1,0.48,8.0,C
SKU-0676,consumable,2.89,24238,70047.82,2.0,3,4.1,2.0,3,0.364,0.0,C
SKU-3039,critical_cheap,47.57,1471,69975.47,4.0,1,87.2,10.4,1,0.334,7.0,C
SKU-3169,consumable,24.75346153846154,1455,36016.29,2.0,4,6.8,0.7,5,0.592,0.0,C
SKU-0080,critical_cheap,38.21,1800,68778.0,5.0,2,62.1,29.8,1,0.209,3.0,C
SKU-1648,consumable,6.39,10756,68730.84,1.0,3,6.9,1.4,3,0.341,0.0,C
SKU-0378,critical_cheap,41.87,1636,68499.32,4.0,1,112.3,22.3,1,0.247,5.0,C
SKU-2014,critical_cheap,45.78,1487,68074.86,5.0,1,64.2,17.5,1,0.224,7.0,C
SKU-1188,critical_cheap,38.86,1734,67383.24,4.0,2,85.2,29.6,1,0.305,4.0,C
SKU-1795,critical_cheap,37.25,1785,66491.25,5.0,2,113.9,13.0,1,0.448,7.0,C
SKU-1020,critical_cheap,46.68,1423,66425.64,5.0,2,116.1,10.2,1,0.376,8.0,C
SKU-2433,consumable,3.6,18308,65908.8,1.0,4,9.6,0.9,3,0.541,0.0,C
SKU-0889,critical_cheap,34.92,1877,65544.84,4.0,1,116.9,30.0,1,0.271,5.0,C
SKU-2024,critical_cheap,44.48,1472,65474.56,4.0,2,62.3,29.1,1,0.399,5.0,C
SKU-3118,critical_cheap,40.05,1624,65041.2,4.0,1,62.3,11.2,1,0.227,6.0,C
SKU-2572,consumable,4.47,14489,64765.83,2.0,3,7.1,0.6,4,0.483,0.0,C
SKU-0071,consumable,1.31,49601,64977.31,1.0,5,7.7,0.9,5,0.366,0.0,C
SKU-0026,consumable,3.43,18888,64785.84,1.0,4,9.3,0.8,5,0.387,0.0,C
SKU-0281,consumable,7.33,8837,64775.21,2.0,3,3.8,1.3,4,0.448,0.0,C
SKU-0530,consumable,2.9,22274,64594.6,1.0,3,4.9,1.5,3,0.473,0.0,C
SKU-2367,critical_cheap,36.46,1770,64534.2,5.0,2,89.5,17.4,1,0.357,0.0,C
SKU-1442,critical_cheap,49.16,1297,63760.52,4.0,2,115.4,21.3,1,0.299,8.0,C
SKU-2992,consumable,37.54,1698,63742.92,2.0,5,7.0,1.1,3,0.704,0.0,C
SKU-1027,consumable,3.23,19702,63637.46,2.0,5,8.6,0.7,4,0.339,0.0,C
SKU-2976,critical_cheap,33.82,1880,63581.6,5.0,2,68.0,29.9,1,0.298,4.0,C
SKU-0786,consumable,1.29,49217,63489.93,1.0,5,6.7,1.2,5,0.53,0.0,C
SKU-1340,critical_cheap,43.23,1464,63288.72,5.0,1,69.9,28.7,1,0.461,6.0,C
SKU-1435,critical_cheap,47.64,1325,63123.0,5.0,2,74.2,27.5,1,0.446,3.0,C
SKU-1185,critical_cheap,47.82,1318,63026.76,5.0,2,110.5,21.9,1,0.417,4.0,C
SKU-2307,critical_cheap,40.08,1570,62925.6,5.0,1,109.4,13.2,1,0.3,5.0,C
SKU-1414,critical_cheap,37.85,1656,62679.6,4.0,1,99.9,24.3,1,0.465,3.0,C
SKU-0091,critical_cheap,39.99,1558,62304.42,5.0,5,70.5,15.9,1,0.399,8.0,C
SKU-0376,expensive_strategic,5646.78,11,62114.58,4.0,1,39.7,3.1,2,0.185,2.0,C
SKU-0926,critical_cheap,42.96,1445,62077.2,4.0,2,99.9,15.7,1,0.26,5.0,C
SKU-2581,critical_cheap,35.81,1724,61736.44,4.0,1,117.9,29.4,1,0.455,3.0,C
SKU-3491,critical_cheap,34.21,1789,61201.69,5.0,2,76.0,26.7,1,0.447,4.0,C
SKU-2693,critical_cheap,31.36,1944,60963.84,5.0,2,101.3,11.2,1,0.212,4.0,C
SKU-0300,critical_cheap,36.18,1674,60565.32,4.0,1,66.3,21.4,1,0.359,4.0,C
SKU-1127,critical_cheap,38.49,1573,60544.77,4.0,1,113.5,13.3,1,0.245,8.0,C
SKU-2977,consumable,5.61,10714,60105.54,1.0,3,6.5,0.6,5,0.321,0.0,C
SKU-0209,critical_cheap,36.32,1650,59928.0,5.0,1,102.8,13.9,1,0.341,4.0,C
SKU-2019,critical_cheap,30.24,1975,59724.0,5.0,2,69.4,17.8,1,0.401,6.0,C
SKU-1466,critical_cheap,33.26,1793,59635.18,4.0,1,114.3,11.7,1,0.265,3.0,C
SKU-2858,critical_cheap,32.14,1855,59619.7,4.0,1,78.7,26.0,1,0.233,8.0,C
SKU-2484,critical_cheap,31.9,1854,59142.6,4.0,1,106.4,27.5,1,0.324,7.0,C
SKU-2284,critical_cheap,37.69,1562,58871.78,4.0,1,79.4,18.8,1,0.297,5.0,C
SKU-1520,consumable,4.13,14140,58398.2,1.0,4,4.5,1.2,5,0.515,0.0,C
SKU-1912,consumable,1.64,35442,58124.88,1.0,5,5.8,2.0,4,0.701,0.0,C
SKU-2705,consumable,4.53,12737,57698.61,1.0,4,9.6,0.8,3,0.579,0.0,C
SKU-2271,critical_cheap,29.66,1940,57540.4,5.0,2,100.7,19.3,1,0.331,7.0,C
SKU-3108,critical_cheap,39.61,1444,57196.84,5.0,5,97.0,22.1,1,0.474,8.0,C
SKU-3421,consumable,20.92,2717,56839.64,1.0,4,4.6,1.0,4,0.671,0.0,C
SKU-2588,standard,198.04,287,56837.48,3.0,2,26.3,1.4,2,0.182,1.0,C
SKU-0635,critical_cheap,30.63,1855,56818.65,4.0,1,75.4,21.9,1,0.481,3.0,C
SKU-1669,critical_cheap,30.43,1859,56569.37,4.0,2,105.6,27.0,1,0.277,4.0,C
SKU-2642,critical_cheap,36.94,1531,56555.14,5.0,2,64.4,13.8,1,0.365,7.0,C
SKU-1673,consumable,9.24,6088,56253.12,1.0,5,3.8,1.2,4,0.356,0.0,C
SKU-2654,critical_cheap,32.18,1741,56025.38,4.0,1,69.8,10.4,1,0.472,7.0,C
SKU-1629,critical_cheap,45.19,1238,55945.22,4.0,1,68.4,21.4,1,0.421,5.0,C
SKU-0946,critical_cheap,47.27,1182,55873.14,4.0,1,118.3,28.9,1,0.465,5.0,C
SKU-0749,consumable,6.64,8410,55842.4,1.0,3,9.6,0.7,1,0.399,0.0,C
SKU-0313,critical_cheap,36.35,1534,55760.9,4.0,1,84.5,17.0,1,0.206,6.0,C
SKU-2087,critical_cheap,31.32,1770,55436.4,4.0,2,84.1,17.7,1,0.201,5.0,C
SKU-1735,critical_cheap,31.25,1766,55187.5,5.0,2,74.2,18.0,1,0.427,5.0,C
SKU-0900,critical_cheap,35.77,1528,54656.56,5.0,1,86.8,19.2,1,0.278,8.0,C
SKU-1605,critical_cheap,35.32,1547,54640.04,4.0,2,87.5,14.3,1,0.348,8.0,C
SKU-0588,critical_cheap,27.58,1977,54525.66,5.0,1,93.7,23.7,1,0.298,3.0,C
SKU-2285,critical_cheap,29.79,1830,54515.7,5.0,2,91.1,23.2,1,0.353,4.0,C
SKU-1035,critical_cheap,36.02,1502,54102.04,5.0,2,88.2,16.3,1,0.387,0.0,C
SKU-2358,critical_cheap,42.19,1282,54087.58,5.0,1,87.8,15.5,1,0.254,8.0,C
SKU-0789,standard,221.35,243,53788.05,2.0,3,27.3,4.0,2,0.271,1.0,C
SKU-3389,critical_cheap,35.17,1527,53704.59,5.0,2,63.9,24.8,1,0.313,5.0,C
SKU-2195,critical_cheap,44.67,1199,53559.33,4.0,2,119.6,28.3,1,0.225,6.0,C
SKU-1366,critical_cheap,26.48760667903525,1660,43969.43,4.0,2,61.2,24.7,1,0.325,7.0,C
SKU-2678,critical_cheap,46.68,1145,53448.6,5.0,1,71.1,13.3,1,0.437,8.0,C
SKU-2204,critical_cheap,27.16,1942,52744.72,5.0,1,92.2,28.0,1,0.443,7.0,C
SKU-2995,critical_cheap,34.2,1540,52668.0,5.0,2,74.0,16.3,1,0.374,8.0,C
SKU-2444,consumable,24.72,2125,52530.0,2.0,4,5.6,1.1,5,0.614,0.0,C
SKU-3252,critical_cheap,31.82,1648,52439.36,4.0,2,117.2,11.7,1,0.482,8.0,C
SKU-0430,critical_cheap,34.04,1538,52353.52,5.0,1,108.3,26.5,1,0.46,7.0,C
SKU-0629,critical_cheap,40.06,1301,52118.06,4.0,1,64.4,26.2,1,0.426,3.0,C
SKU-2510,consumable,4.46,11550,51513.0,2.0,3,4.5,0.6,4,0.467,0.0,C
SKU-1376,consumable,2.71,18927,51292.17,2.0,3,7.6,2.0,4,0.713,0.0,C
SKU-0368,consumable,49.8,1028,51194.4,1.0,4,2.3,0.8,3,0.31,0.0,C
SKU-2172,critical_cheap,39.9,1274,50832.6,5.0,1,81.3,23.9,1,0.482,4.0,C
SKU-2137,critical_cheap,37.53,1353,50778.09,5.0,1,71.6,24.2,1,0.218,8.0,C
SKU-0371,critical_cheap,33.49,1516,50770.84,5.0,1,68.0,12.3,1,0.453,5.0,C
SKU-1416,consumable,11.06,4587,50732.22,2.0,4,8.9,1.7,3,0.357,0.0,C
SKU-0191,critical_cheap,25.73,1958,50379.34,4.0,2,79.2,21.2,1,0.284,4.0,C
SKU-3385,critical_cheap,32.94,1526,50266.44,4.0,2,111.7,29.5,1,0.461,5.0,C
SKU-1039,critical_cheap,28.09,1789,50253.01,4.0,2,63.0,27.1,1,0.397,8.0,C
SKU-3318,critical_cheap,32.69,1537,50244.53,5.0,1,87.6,18.7,1,0.408,3.0,C
SKU-2715,critical_cheap,38.34,1299,49803.66,5.0,2,101.3,25.1,1,0.297,8.0,C
SKU-1075,consumable,7.59,6538,49623.42,2.0,4,4.3,1.4,5,0.498,0.0,C
SKU-1836,standard,149.46,332,49620.72,2.0,3,18.9,2.2,3,0.163,0.0,C
SKU-2960,consumable,1.65,29822,49206.3,2.0,3,3.0,0.8,5,0.645,0.0,C
SKU-3291,critical_cheap,33.09,1480,48973.2,5.0,2,109.2,12.7,1,0.412,4.0,C
SKU-2538,critical_cheap,40.18,1218,48939.24,4.0,1,82.1,22.3,1,0.325,0.0,C
SKU-2733,critical_cheap,38.54,1267,48830.18,5.0,1,83.9,24.0,1,0.475,4.0,C
SKU-0110,critical_cheap,33.84,1440,48729.6,5.0,1,102.0,25.4,1,0.301,5.0,C
SKU-0883,critical_cheap,38.86,1252,48652.72,4.0,1,83.8,18.1,1,0.368,3.0,C
SKU-3223,critical_cheap,41.86,1159,48515.74,4.0,2,94.7,24.8,1,0.27,8.0,C
SKU-3392,consumable,2.74,17656,48377.44,1.0,3,9.7,1.6,3,0.794,0.0,C
SKU-0656,critical_cheap,24.66,1959,48308.94,4.0,2,72.0,18.3,1,0.262,8.0,C
SKU-2065,critical_cheap,34.96,1381,48279.76,4.0,1,78.8,25.2,1,0.45,0.0,C
SKU-3123,critical_cheap,48.31,981,47392.11,4.0,1,98.9,24.0,1,0.351,5.0,C
SKU-2771,critical_cheap,28.45,1649,46914.05,5.0,2,85.6,17.3,1,0.323,5.0,C
SKU-2603,standard,128.82,364,46890.48,3.0,2,24.6,6.7,1,0.325,0.0,C
SKU-2295,critical_cheap,43.11,1081,46601.91,5.0,1,92.1,16.7,1,0.431,6.0,C
SKU-1048,critical_cheap,25.52,1824,46548.48,5.0,2,105.6,27.1,1,0.492,8.0,C
SKU-2655,consumable,4.41,10521,46397.61,2.0,3,2.3,0.7,3,0.305,0.0,C
SKU-2280,critical_cheap,33.92,1362,46199.04,5.0,1,87.3,10.2,1,0.319,3.0,C
SKU-2395,consumable,5.32,8670,46124.4,2.0,5,6.7,1.8,4,0.507,0.0,C
SKU-1287,critical_cheap,27.96,1649,46106.04,5.0,2,93.9,19.0,1,0.293,3.0,C
SKU-1091,consumable,14.12,3263,46073.56,2.0,3,5.0,1.2,5,0.79,0.0,C
SKU-3286,critical_cheap,34.18,1336,45664.48,5.0,2,98.4,16.3,1,0.267,7.0,C
SKU-0124,critical_cheap,24.02,1889,45373.78,5.0,2,100.3,19.6,1,0.443,8.0,C
SKU-2155,critical_cheap,48.74,922,44938.28,5.0,1,75.4,21.6,1,0.302,3.0,C
SKU-3088,critical_cheap,25.55,1753,44789.15,4.0,2,117.0,24.2,1,0.328,3.0,C
SKU-1120,critical_cheap,32.9,1359,44711.1,5.0,2,89.7,22.2,1,0.282,4.0,C
SKU-3314,critical_cheap,37.09,1203,44619.27,4.0,1,70.7,18.4,1,0.327,3.0,C
SKU-1503,critical_cheap,42.41,1048,44445.68,5.0,2,60.2,15.1,1,0.348,7.0,C
SKU-2797,critical_cheap,44.09,1008,44442.72,5.0,2,103.5,22.7,1,0.414,4.0,C
SKU-2217,consumable,6.53,6760,44142.8,1.0,5,6.5,1.2,3,0.484,0.0,C
SKU-2819,critical_cheap,38.38,1144,43906.72,4.0,2,75.1,28.6,1,0.22,4.0,C
SKU-2901,critical_cheap,31.02,1415,43893.3,5.0,1,77.7,10.3,1,0.436,7.0,C
SKU-2612,critical_cheap,28.63,1523,43603.49,5.0,1,102.5,26.3,1,0.238,3.0,C
SKU-1697,critical_cheap,34.52,1261,43529.72,5.0,2,66.8,18.7,1,0.337,5.0,C
SKU-2382,consumable,12.48,3477,43392.96,2.0,4,9.4,1.3,4,0.504,0.0,C
SKU-2686,critical_cheap,26.48760667903525,1115,29533.68,5.0,1,84.7,20.1,1,0.444,3.0,C
SKU-1203,critical_cheap,35.89,1203,43175.67,5.0,2,84.1,26.6,1,0.246,3.0,C
SKU-1424,critical_cheap,25.34,1699,43052.66,4.0,1,93.2,11.5,1,0.286,5.0,C
SKU-1529,consumable,1.87,22941,42899.67,1.0,3,3.1,1.8,4,0.737,0.0,C
SKU-2275,consumable,26.71,1599,42709.29,1.0,4,3.1,1.6,4,0.439,0.0,C
SKU-3098,critical_cheap,47.93,888,42561.84,5.0,2,83.8,12.7,1,0.238,7.0,C
SKU-1248,critical_cheap,33.53,1268,42516.04,5.0,2,113.6,29.1,1,0.354,4.0,C
SKU-2522,critical_cheap,35.19,1206,42439.14,4.0,1,73.2,10.9,1,0.272,4.0,C
SKU-1253,critical_cheap,22.78,1855,42256.9,5.0,2,82.4,29.9,1,0.498,7.0,C
SKU-1814,critical_cheap,30.13,1390,41880.7,4.0,2,77.5,25.6,1,0.468,3.0,C
SKU-1789,critical_cheap,22.78,1835,41801.3,5.0,1,97.7,19.0,1,0.224,8.0,C
SKU-1247,critical_cheap,27.92,1488,41544.96,4.0,2,109.0,27.4,1,0.392,0.0,C
SKU-0263,critical_cheap,27.86,1490,41511.4,5.0,2,85.2,20.0,1,0.473,6.0,C
SKU-3099,critical_cheap,38.63,1069,41295.47,5.0,2,89.5,11.5,1,0.217,6.0,C
SKU-2529,critical_cheap,43.77,943,41275.11,4.0,1,90.5,26.8,1,0.46,3.0,C
SKU-0984,critical_cheap,33.11,1243,41155.73,5.0,2,74.4,12.0,1,0.278,4.0,C
SKU-0558,critical_cheap,26.85,1532,41134.2,4.0,1,95.6,17.6,1,0.351,4.0,C
SKU-2356,critical_cheap,46.58,879,40943.82,5.0,1,80.5,19.2,1,0.286,4.0,C
SKU-1822,critical_cheap,40.92,1000,40920.0,5.0,2,89.7,13.7,1,0.479,6.0,C
SKU-1622,critical_cheap,39.3,1037,40754.1,5.0,2,76.3,20.2,1,0.253,6.0,C
SKU-0336,critical_cheap,28.1,1448,40688.8,5.0,1,67.8,22.9,1,0.259,7.0,C
SKU-1753,critical_cheap,39.44,1029,40583.76,4.0,1,88.1,15.2,1,0.476,8.0,C
SKU-0515,critical_cheap,28.82,1404,40463.28,4.0,1,72.0,10.8,1,0.393,5.0,C
SKU-3488,critical_cheap,36.38,1112,40454.56,5.0,2,72.0,27.5,1,0.411,8.0,C
SKU-2082,critical_cheap,26.91,1489,40068.99,4.0,2,73.9,24.4,1,0.364,4.0,C
SKU-1484,critical_cheap,20.64,1933,39897.12,4.0,2,89.6,15.9,1,0.298,8.0,C
SKU-1279,critical_cheap,22.42,1767,39616.14,4.0,1,85.9,18.0,1,0.208,6.0,C
SKU-3264,critical_cheap,47.58,831,39538.98,5.0,1,96.0,22.9,1,0.273,3.0,C
SKU-0931,critical_cheap,21.16,1851,39167.16,5.0,1,104.7,11.0,1,0.266,6.0,C
SKU-1516,critical_cheap,25.73,1512,38903.76,4.0,2,83.4,17.6,1,0.279,4.0,C
SKU-0370,critical_cheap,23.36,1664,38871.04,4.0,2,107.4,22.3,1,0.213,5.0,C
SKU-2833,critical_cheap,46.92,828,38849.76,4.0,2,75.2,20.3,1,0.499,7.0,C
SKU-0813,critical_cheap,21.81,1776,38734.56,5.0,1,116.0,28.8,1,0.474,6.0,C
SKU-1985,critical_cheap,27.56,1400,38584.0,5.0,2,90.7,21.3,1,0.202,3.0,C
SKU-0423,critical_cheap,44.66,863,38541.58,5.0,1,102.1,17.4,1,0.205,5.0,C
SKU-0146,critical_cheap,22.82,1681,38360.42,5.0,2,103.8,21.4,1,0.33,7.0,C
SKU-1427,critical_cheap,32.15,1193,38354.95,5.0,5,89.5,15.8,1,0.326,4.0,C
SKU-2559,critical_cheap,34.27,1115,38211.05,4.0,1,111.9,25.6,1,0.337,7.0,C
SKU-1186,consumable,1.21,31399,37992.79,1.0,5,7.2,0.5,5,0.355,0.0,C
SKU-0851,critical_cheap,29.85,1277,38118.45,4.0,2,107.6,17.2,1,0.482,4.0,C
SKU-2298,critical_cheap,39.18,971,38043.78,5.0,2,89.5,26.1,1,0.203,3.0,C
SKU-1408,consumable,19.4,1958,37985.2,2.0,5,9.6,0.6,3,0.509,0.0,C
SKU-0165,critical_cheap,30.88,1229,37951.52,4.0,2,82.0,12.9,1,0.262,6.0,C
SKU-0101,critical_cheap,19.17,1978,37918.26,5.0,1,109.8,29.5,1,0.321,8.0,C
SKU-0996,critical_cheap,26.91,1406,37835.46,5.0,2,83.0,21.8,1,0.416,3.0,C
SKU-2633,critical_cheap,30.4,1242,37756.8,4.0,2,100.0,24.7,1,0.282,4.0,C
SKU-1744,critical_cheap,44.16,854,37712.64,5.0,1,63.1,24.9,1,0.252,6.0,C
SKU-1117,critical_cheap,32.55,1156,37627.8,4.0,1,89.7,12.6,1,0.487,5.0,C
SKU-0516,critical_cheap,39.44,953,37586.32,5.0,2,108.1,27.0,1,0.345,7.0,C
SKU-3008,critical_cheap,38.22,981,37493.82,5.0,2,105.5,11.3,1,0.325,6.0,C
SKU-2987,critical_cheap,43.85,855,37491.75,4.0,1,110.6,28.4,1,0.346,4.0,C
SKU-1303,critical_cheap,31.07,1206,37470.42,4.0,2,87.8,22.3,1,0.282,4.0,C
SKU-3179,consumable,4.26,8794,37462.44,2.0,5,5.5,1.4,5,0.465,0.0,C
SKU-0204,consumable,3.11,11860,36884.6,1.0,5,9.6,0.7,5,0.715,0.0,C
SKU-2595,critical_cheap,42.36,871,36895.56,5.0,2,104.0,24.8,1,0.496,6.0,C
SKU-3424,critical_cheap,22.07,1671,36878.97,5.0,1,111.3,22.4,1,0.383,6.0,C
SKU-3395,consumable,20.19,1825,36846.75,2.0,5,7.3,0.5,4,0.317,0.0,C
SKU-2626,consumable,12.96,2835,36741.6,2.0,4,8.6,1.8,4,0.773,0.0,C
SKU-1970,critical_cheap,36.23,1002,36302.46,4.0,1,80.2,22.8,1,0.36,8.0,C
SKU-1757,consumable,2.35,15410,36213.5,2.0,5,8.6,1.6,5,0.656,0.0,C
SKU-2225,critical_cheap,18.49,1956,36166.44,5.0,1,81.2,29.9,1,0.333,7.0,C
SKU-0284,critical_cheap,20.21,1783,36034.43,4.0,1,73.5,20.1,1,0.278,5.0,C
SKU-1034,critical_cheap,24.56,1467,36029.52,5.0,2,60.5,19.8,1,0.359,3.0,C
SKU-2545,critical_cheap,49.54,727,36015.58,4.0,1,89.5,15.5,1,0.3,8.0,C
SKU-3168,critical_cheap,33.63,1071,36017.73,4.0,1,80.4,15.0,1,0.407,5.0,C
SKU-3402,critical_cheap,46.06,772,35558.32,5.0,1,89.5,13.6,1,0.277,4.0,C
SKU-1948,critical_cheap,21.41,1657,35476.37,5.0,1,114.0,16.4,1,0.396,4.0,C
SKU-2342,critical_cheap,43.9,807,35427.3,4.0,1,68.1,12.9,1,0.427,3.0,C
SKU-2132,critical_cheap,30.38,1165,35392.7,5.0,2,109.1,15.0,1,0.48,7.0,C
SKU-2616,critical_cheap,48.5,728,35308.0,4.0,1,110.7,12.3,1,0.211,5.0,C
SKU-2044,critical_cheap,31.45,1117,35129.65,4.0,1,71.1,25.2,1,0.262,5.0,C
SKU-0548,standard,1039.4172661348805,291,302470.42,2.0,2,24.8,4.0,3,0.32,1.0,C
SKU-1073,critical_cheap,23.78,1474,35051.72,5.0,2,104.9,27.4,1,0.361,5.0,C
SKU-3337,consumable,1.93,18087,34907.91,1.0,3,6.8,0.9,4,0.665,0.0,C
SKU-2050,critical_cheap,21.83,1591,34731.53,5.0,2,86.2,11.3,1,0.483,4.0,C
SKU-1536,critical_cheap,26.21,1310,34335.1,5.0,2,75.3,11.4,1,0.423,7.0,C
SKU-3101,critical_cheap,22.36,1522,34031.92,4.0,2,120.0,26.0,1,0.329,8.0,C
SKU-0117,consumable,24.39,1390,33902.1,2.0,3,2.9,1.8,3,0.363,0.0,C
SKU-0404,consumable,3.59,9434,33868.06,1.0,3,8.7,1.3,4,0.305,0.0,C
SKU-2394,critical_cheap,22.93,1476,33844.68,5.0,2,77.4,28.4,1,0.473,7.0,C
SKU-0498,critical_cheap,23.0,1466,33718.0,4.0,2,108.3,27.0,1,0.365,7.0,C
SKU-1986,critical_cheap,28.28,1186,33540.08,4.0,1,89.5,27.4,1,0.393,5.0,C
SKU-0202,critical_cheap,34.46,972,33495.12,5.0,1,69.3,20.9,1,0.226,4.0,C
SKU-2412,critical_cheap,26.48760667903525,1535,40658.48,5.0,1,79.2,11.5,1,0.246,3.0,C
SKU-3165,critical_cheap,22.96,1445,33177.2,5.0,1,82.5,29.9,1,0.484,7.0,C
SKU-0605,critical_cheap,41.34,802,33154.68,5.0,1,80.2,21.4,1,0.458,7.0,C
SKU-2427,critical_cheap,43.78,757,33141.46,4.0,2,110.8,19.1,1,0.433,8.0,C
SKU-0038,critical_cheap,18.28,1811,33105.08,4.0,2,76.3,13.8,1,0.255,4.0,C
SKU-2250,critical_cheap,30.72,1075,33024.0,4.0,2,111.3,21.3,1,0.395,7.0,C
SKU-3471,critical_cheap,31.72,1040,32988.8,5.0,2,110.4,17.6,1,0.41,8.0,C
SKU-1655,critical_cheap,32.09,1015,32571.35,5.0,2,106.2,29.4,1,0.432,8.0,C
SKU-2081,critical_cheap,37.18,876,32569.68,4.0,2,81.6,17.8,1,0.438,0.0,C
SKU-1057,consumable,15.6,2082,32479.2,2.0,3,3.7,0.6,3,0.459,0.0,C
SKU-2361,critical_cheap,23.56,1367,32206.52,4.0,1,97.1,15.5,1,0.215,3.0,C
SKU-1463,critical_cheap,26.48760667903525,1343,35572.86,5.0,2,117.5,26.8,1,0.309,6.0,C
SKU-0129,critical_cheap,16.13,1986,32034.18,5.0,1,96.3,14.4,1,0.388,0.0,C
SKU-2760,critical_cheap,22.41,1427,31979.07,4.0,1,92.3,10.6,1,0.478,0.0,C
SKU-2600,critical_cheap,49.88,641,31973.08,4.0,2,72.6,10.8,1,0.462,8.0,C
SKU-0295,critical_cheap,17.2,1846,31751.2,4.0,2,102.2,14.3,1,0.31,8.0,C
SKU-1594,critical_cheap,22.3,1424,31755.2,4.0,1,72.0,10.4,1,0.369,7.0,C
SKU-1951,critical_cheap,17.12,1854,31740.48,4.0,1,110.8,18.1,1,0.435,4.0,C
SKU-2761,critical_cheap,23.63,1342,31711.46,4.0,1,109.8,25.2,1,0.301,3.0,C
SKU-0651,critical_cheap,37.72,838,31609.36,5.0,2,111.3,23.6,1,0.256,3.0,C
SKU-2456,critical_cheap,24.6,1282,31537.2,5.0,1,89.5,25.2,1,0.31,4.0,C
SKU-1887,critical_cheap,37.27,840,31306.8,4.0,1,117.9,29.2,1,0.268,4.0,C
SKU-0169,critical_cheap,19.26,1623,31258.98,4.0,2,92.8,28.5,1,0.461,4.0,C
SKU-1412,critical_cheap,20.59,1513,31152.67,4.0,2,108.0,22.5,1,0.34,4.0,C
SKU-0918,consumable,11.84,2620,31020.8,2.0,4,4.7,0.5,3,0.772,0.0,C
SKU-0884,critical_cheap,18.3,1688,30890.4,5.0,1,110.1,13.3,1,0.456,3.0,C
SKU-3175,critical_cheap,24.85,1241,30838.85,4.0,1,99.9,28.7,1,0.206,6.0,C
SKU-1179,consumable,15.48,1987,30758.76,1.0,4,25.0,0.7,5,0.449,0.0,C
SKU-2402,critical_cheap,17.22,1780,30651.6,5.0,1,91.5,27.3,1,0.279,7.0,C
SKU-2777,critical_cheap,15.94,1918,30572.92,5.0,1,115.8,21.5,1,0.273,5.0,C
SKU-0705,critical_cheap,44.15,681,30066.15,4.0,2,107.0,29.3,1,0.238,3.0,C
SKU-1266,critical_cheap,18.4,1625,29900.0,5.0,2,96.0,17.0,1,0.333,3.0,C
SKU-0857,critical_cheap,29.57,1010,29865.7,4.0,2,89.5,10.1,1,0.329,3.0,C
SKU-0845,critical_cheap,25.3,1180,29854.0,4.0,2,116.2,17.6,1,0.373,6.0,C
SKU-0604,critical_cheap,27.33,1091,29817.03,4.0,1,112.7,26.3,1,0.487,7.0,C
SKU-0223,critical_cheap,45.41,655,29743.55,4.0,1,97.1,23.6,1,0.4,7.0,C
SKU-2765,critical_cheap,19.48,1522,29648.56,4.0,1,75.6,18.3,1,0.404,8.0,C
SKU-2662,consumable,24.53,1202,29485.06,2.0,5,2.2,1.7,4,0.371,0.0,C
SKU-2801,consumable,7.21,4060,29272.6,2.0,4,4.2,1.7,3,0.34,0.0,C
SKU-1694,critical_cheap,20.96,1395,29239.2,4.0,1,76.5,24.0,1,0.246,4.0,C
SKU-1470,consumable,8.14,3589,29214.46,1.0,5,7.4,1.9,3,0.436,0.0,C
SKU-0041,critical_cheap,20.48,1426,29204.48,4.0,2,94.9,12.1,1,0.462,5.0,C
SKU-1403,critical_cheap,27.11,1072,29061.92,5.0,2,109.4,19.6,1,0.402,5.0,C
SKU-1542,critical_cheap,30.19,954,28801.26,5.0,1,89.7,28.7,1,0.2,6.0,C
SKU-3128,critical_cheap,20.48,1405,28774.4,4.0,2,84.0,13.4,1,0.258,4.0,C
SKU-2239,critical_cheap,15.38,1861,28622.18,5.0,2,100.7,25.6,1,0.35,3.0,C
SKU-0563,critical_cheap,30.46,924,28145.04,4.0,2,60.7,21.0,1,0.492,7.0,C
SKU-2828,critical_cheap,29.92,940,28124.8,5.0,1,65.1,21.7,1,0.446,5.0,C
SKU-1068,critical_cheap,20.45,1374,28098.3,5.0,2,81.3,28.1,1,0.47,6.0,C
SKU-2168,critical_cheap,33.71,829,27945.59,4.0,1,69.1,25.8,1,0.219,7.0,C
SKU-1827,critical_cheap,32.46,860,27915.6,4.0,1,96.9,18.5,1,0.238,3.0,C
SKU-2202,critical_cheap,22.45,1239,27815.55,4.0,1,83.4,26.1,1,0.494,6.0,C
SKU-1721,critical_cheap,22.83,1216,27761.28,5.0,2,83.7,11.4,1,0.304,3.0,C
SKU-1050,critical_cheap,17.78,1546,27487.88,4.0,2,108.9,19.2,1,0.276,7.0,C
SKU-0591,critical_cheap,16.25,1685,27381.25,4.0,1,69.0,19.4,1,0.351,5.0,C
SKU-1645,critical_cheap,41.4,659,27282.6,4.0,2,97.8,20.1,1,0.358,7.0,C
SKU-1265,critical_cheap,14.75,1840,27140.0,5.0,1,67.1,27.0,1,0.488,6.0,C
SKU-2645,critical_cheap,37.25,723,26931.75,5.0,1,62.2,27.9,1,0.469,7.0,C
SKU-0355,critical_cheap,19.4,1387,26907.8,5.0,1,117.5,13.8,1,0.415,5.0,C
SKU-1311,critical_cheap,26.82,1003,26900.46,5.0,2,110.8,20.4,1,0.381,7.0,C
SKU-0587,critical_cheap,16.84,1595,26859.8,4.0,2,84.2,21.8,1,0.227,7.0,C
SKU-2418,critical_cheap,24.54,1089,26724.06,4.0,2,100.9,23.6,1,0.454,5.0,C
SKU-1999,critical_cheap,40.55,658,26681.9,5.0,1,110.1,18.8,1,0.201,7.0,C
SKU-1162,critical_cheap,30.61,856,26202.16,4.0,1,89.3,28.8,1,0.268,7.0,C
SKU-2871,consumable,4.58,5720,26197.6,2.0,3,7.2,1.6,4,0.722,0.0,C
SKU-3181,critical_cheap,26.16,1000,26160.0,5.0,2,62.7,21.1,1,0.45,5.0,C
SKU-0372,critical_cheap,23.29,1123,26154.67,5.0,2,64.8,23.4,1,0.407,4.0,C
SKU-3254,critical_cheap,17.54,1472,25818.88,5.0,1,85.2,11.3,1,0.286,8.0,C
SKU-2339,critical_cheap,14.99,1722,25812.78,4.0,1,65.8,17.8,1,0.205,7.0,C
SKU-0641,critical_cheap,29.41,875,25733.75,5.0,2,117.6,17.7,1,0.302,8.0,C
SKU-3440,consumable,1.95,13188,25716.6,2.0,3,3.0,0.6,4,0.445,0.0,C
SKU-1599,critical_cheap,26.48760667903525,1741,46114.92,5.0,2,103.5,21.5,1,0.233,8.0,C
SKU-1292,critical_cheap,23.2,1095,25404.0,5.0,1,93.9,29.0,1,0.438,4.0,C
SKU-0334,critical_cheap,45.81,554,25378.74,5.0,2,92.7,23.7,1,0.257,7.0,C
SKU-0847,critical_cheap,27.19,927,25205.13,4.0,2,91.7,20.8,1,0.338,3.0,C
SKU-2479,critical_cheap,12.87,1955,25160.85,4.0,1,94.8,24.7,1,0.219,6.0,C
SKU-2366,critical_cheap,16.19,1543,24981.17,4.0,2,64.1,25.8,1,0.421,4.0,C
SKU-3302,consumable,2.52,9868,24867.36,1.0,5,9.0,0.7,4,0.51,0.0,C
SKU-0665,critical_cheap,26.68,929,24785.72,5.0,1,90.2,26.0,1,0.332,8.0,C
SKU-1750,critical_cheap,33.78,729,24625.62,5.0,2,89.3,12.7,1,0.481,6.0,C
SKU-2063,consumable,2.94,8377,24628.38,2.0,4,6.0,2.0,4,0.585,0.0,C
SKU-0947,critical_cheap,41.92,579,24271.68,5.0,1,119.2,13.6,1,0.43,5.0,C
SKU-1998,critical_cheap,27.52,880,24217.6,5.0,1,107.6,18.6,1,0.499,7.0,C
SKU-0961,critical_cheap,21.49,1123,24133.27,4.0,2,89.5,23.9,1,0.202,8.0,C
SKU-2727,critical_cheap,32.34,746,24125.64,4.0,1,74.9,16.0,1,0.413,8.0,C
SKU-2242,critical_cheap,18.53,1294,23977.82,5.0,2,76.0,15.4,1,0.467,7.0,C
SKU-2555,critical_cheap,28.17,848,23888.16,5.0,2,88.0,27.3,1,0.228,7.0,C
SKU-3059,critical_cheap,14.99,1585,23759.15,5.0,1,63.1,23.9,1,0.367,8.0,C
SKU-2843,consumable,3.01,7823,23547.23,2.0,3,5.2,1.2,5,0.479,0.0,C
SKU-0461,critical_cheap,13.48,1748,23563.04,4.0,1,80.2,20.4,1,0.494,3.0,C
SKU-1465,consumable,1.24,19032,23599.68,1.0,4,4.5,1.3,5,0.758,0.0,C
SKU-2414,critical_cheap,17.58,1320,23205.6,4.0,2,90.7,14.8,1,0.48,3.0,C
SKU-2360,critical_cheap,11.77,1962,23092.74,4.0,2,77.8,14.8,1,0.391,7.0,C
SKU-2940,critical_cheap,15.73,1466,23060.18,5.0,2,109.2,28.1,1,0.23,5.0,C
SKU-0348,critical_cheap,40.18,573,23023.14,4.0,1,65.3,16.8,1,0.494,0.0,C
SKU-2744,critical_cheap,17.99,1277,22973.23,5.0,1,74.0,29.3,1,0.395,3.0,C
SKU-1518,consumable,7.43,3066,22780.38,2.0,5,4.8,0.7,4,0.664,0.0,C
SKU-1301,critical_cheap,15.64,1453,22724.92,5.0,2,108.1,25.8,1,0.428,8.0,C
SKU-2552,critical_cheap,36.79,614,22589.06,4.0,2,99.4,14.9,1,0.416,8.0,C
SKU-3272,critical_cheap,22.39,1007,22546.73,5.0,2,80.5,12.5,1,0.352,5.0,C
SKU-2607,critical_cheap,49.57,452,22405.64,5.0,1,88.6,23.0,1,0.298,4.0,C
SKU-3067,critical_cheap,39.51,566,22362.66,4.0,1,90.1,22.5,1,0.241,5.0,C
SKU-1549,critical_cheap,16.2,1380,22356.0,4.0,2,68.8,29.1,1,0.223,5.0,C
SKU-1902,critical_cheap,24.76,894,22135.44,4.0,2,88.3,27.1,1,0.394,8.0,C
SKU-0357,critical_cheap,28.31,781,22110.11,4.0,1,104.8,12.9,1,0.463,3.0,C
SKU-1941,critical_cheap,40.7,543,22100.1,4.0,2,111.5,17.5,1,0.205,0.0,C
SKU-0200,consumable,1.7,12962,22035.4,1.0,5,3.6,0.9,5,0.739,0.0,C
SKU-1796,critical_cheap,11.5,1909,21953.5,4.0,2,85.6,17.3,1,0.441,7.0,C
SKU-0810,critical_cheap,25.44,862,21929.28,5.0,2,111.7,22.3,1,0.204,8.0,C
SKU-2838,critical_cheap,42.86,509,21815.74,4.0,2,87.5,22.9,1,0.429,6.0,C
SKU-1994,critical_cheap,19.78,1103,21817.34,5.0,2,79.4,28.5,1,0.337,6.0,C
SKU-1810,critical_cheap,32.63,668,21796.84,5.0,2,60.4,13.6,1,0.299,4.0,C
SKU-2220,critical_cheap,20.97,1036,21724.92,4.0,1,89.5,24.4,1,0.365,7.0,C
SKU-0182,critical_cheap,16.25,1332,21645.0,4.0,2,112.2,20.6,1,0.34,7.0,C
SKU-1577,critical_cheap,17.87,1205,21533.35,4.0,1,74.6,29.0,1,0.307,8.0,C
SKU-3158,critical_cheap,28.93,740,21408.2,4.0,2,100.7,28.0,1,0.241,3.0,C
SKU-1930,critical_cheap,49.07,430,21100.1,5.0,1,61.0,16.4,1,0.259,7.0,C
SKU-0435,critical_cheap,14.42,1456,20995.52,4.0,5,94.9,29.0,1,0.216,8.0,C
SKU-0059,critical_cheap,40.14,522,20953.08,5.0,2,109.5,12.9,1,0.45,8.0,C
SKU-0133,critical_cheap,11.54,1814,20933.56,4.0,1,64.3,21.5,1,0.37,3.0,C
SKU-3410,critical_cheap,27.41,763,20913.83,5.0,1,60.3,15.6,1,0.382,5.0,C
SKU-2605,critical_cheap,45.8,456,20884.8,5.0,2,69.7,21.5,1,0.473,6.0,C
SKU-0975,critical_cheap,38.38,544,20878.72,4.0,1,107.5,29.6,1,0.436,5.0,C
SKU-1647,critical_cheap,14.34,1454,20850.36,4.0,1,62.4,22.3,1,0.442,6.0,C
SKU-0033,critical_cheap,11.4,1819,20736.6,4.0,5,89.5,16.9,1,0.45,6.0,C
SKU-0149,critical_cheap,14.45,1426,20605.7,5.0,1,89.5,25.6,1,0.369,8.0,C
SKU-2707,critical_cheap,31.35,654,20502.9,5.0,2,78.6,13.8,1,0.343,3.0,C
SKU-0860,critical_cheap,38.25,535,20463.75,5.0,1,90.3,18.3,1,0.463,6.0,C
SKU-1200,critical_cheap,23.79,859,20435.61,5.0,1,111.7,13.5,1,0.387,3.0,C
SKU-0854,consumable,16.21,1260,20424.6,1.0,3,3.9,1.3,4,0.619,0.0,C
SKU-3199,critical_cheap,25.97,785,20386.45,5.0,2,105.1,23.2,1,0.327,3.0,C
SKU-2563,critical_cheap,14.03,1453,20385.59,5.0,1,107.2,19.0,1,0.235,6.0,C
SKU-2783,consumable,1.0,20091,20091.0,1.0,4,5.0,1.9,3,0.728,0.0,C
SKU-3078,critical_cheap,18.87,1041,19643.67,4.0,1,77.2,27.9,1,0.426,8.0,C
SKU-0708,consumable,12.56,1562,19618.72,1.0,3,2.5,1.8,1,0.301,0.0,C
SKU-1074,critical_cheap,11.3,1736,19616.8,4.0,1,108.1,17.9,1,0.264,6.0,C
SKU-1747,critical_cheap,21.9,895,19600.5,4.0,1,96.9,10.6,1,0.48,8.0,C
SKU-0577,critical_cheap,18.39,1063,19548.57,4.0,2,69.1,18.8,1,0.431,5.0,C
SKU-3025,critical_cheap,21.32,915,19507.8,5.0,1,96.1,19.0,1,0.403,4.0,C
SKU-0172,critical_cheap,11.18,1725,19285.5,5.0,1,101.0,14.7,1,0.483,5.0,C
SKU-2296,critical_cheap,41.75,460,19205.0,4.0,2,110.1,11.8,1,0.217,7.0,C
SKU-1576,critical_cheap,45.24,421,19046.04,5.0,1,97.0,13.7,1,0.404,3.0,C
SKU-0153,critical_cheap,12.85,1478,18992.3,4.0,2,61.9,24.3,1,0.308,7.0,C
SKU-1511,consumable,2.58,7303,18841.74,2.0,4,9.4,1.3,5,0.644,0.0,C
SKU-2309,critical_cheap,22.52,830,18691.6,5.0,5,92.6,11.8,1,0.341,4.0,C
SKU-1319,critical_cheap,32.67,572,18687.24,4.0,2,79.4,11.4,1,0.21,6.0,C
SKU-1712,critical_cheap,30.4,614,18665.6,5.0,1,81.5,14.6,1,0.374,4.0,C
SKU-2419,critical_cheap,13.46,1383,18615.18,4.0,2,113.7,23.7,1,0.324,6.0,C
SKU-1568,critical_cheap,17.64,1055,18610.2,4.0,2,89.5,23.3,1,0.436,4.0,C
SKU-1482,critical_cheap,25.68,723,18566.64,4.0,2,73.7,12.0,1,0.33,3.0,C
SKU-2946,critical_cheap,39.83,462,18401.46,4.0,2,89.5,12.5,1,0.283,5.0,C
SKU-1715,critical_cheap,31.46,578,18183.88,4.0,1,83.4,16.4,1,0.245,4.0,C
SKU-3140,critical_cheap,44.15,411,18145.65,5.0,1,81.0,22.9,1,0.235,8.0,C
SKU-0773,critical_cheap,16.24,1116,18123.84,5.0,2,82.2,16.6,1,0.327,4.0,C
SKU-0795,critical_cheap,22.33,802,17908.66,4.0,2,89.5,10.4,1,0.401,6.0,C
SKU-2704,critical_cheap,11.28,1580,17822.4,4.0,1,92.6,25.8,1,0.26,3.0,C
SKU-0011,critical_cheap,19.12,930,17781.6,4.0,1,93.8,25.3,1,0.482,4.0,C
SKU-0312,critical_cheap,20.34,871,17716.14,5.0,1,107.3,22.1,1,0.396,8.0,C
SKU-2855,critical_cheap,9.84,1795,17662.8,4.0,1,116.4,22.9,1,0.227,8.0,C
SKU-1869,critical_cheap,12.55,1405,17632.75,5.0,1,97.7,27.7,1,0.439,6.0,C
SKU-2687,critical_cheap,40.92,430,17595.6,4.0,1,89.5,26.5,1,0.213,7.0,C
SKU-0529,critical_cheap,12.18,1415,17234.7,5.0,1,100.0,28.2,1,0.304,3.0,C
SKU-0245,critical_cheap,19.31,891,17205.21,5.0,1,66.8,13.4,1,0.364,4.0,C
SKU-1763,critical_cheap,17.2,1000,17200.0,4.0,1,64.7,12.4,1,0.253,5.0,C
SKU-0755,critical_cheap,11.08,1547,17140.76,4.0,1,112.0,15.8,1,0.3,7.0,C
SKU-1494,critical_cheap,38.02,450,17109.0,4.0,1,73.9,27.8,1,0.216,5.0,C
SKU-2806,consumable,13.81,1227,16944.87,1.0,4,6.7,1.4,3,0.7,0.0,C
SKU-2900,critical_cheap,8.6,1970,16942.0,5.0,2,72.9,20.2,1,0.219,7.0,C
SKU-2885,critical_cheap,18.47,915,16900.05,5.0,2,81.4,28.8,1,0.272,8.0,C
SKU-2506,critical_cheap,18.88,893,16859.84,4.0,2,100.7,27.7,1,0.43,6.0,C
SKU-1781,critical_cheap,19.66,855,16809.3,5.0,1,63.9,29.3,1,0.305,5.0,C
SKU-3019,critical_cheap,41.45,404,16745.8,5.0,2,118.5,23.9,1,0.368,7.0,C
SKU-3308,critical_cheap,16.3,1014,16528.2,4.0,2,113.7,10.1,1,0.48,3.0,C
SKU-0471,critical_cheap,16.63,991,16480.33,5.0,2,116.2,16.2,1,0.461,4.0,C
SKU-2517,critical_cheap,11.73,1397,16386.81,4.0,1,95.0,10.7,1,0.267,5.0,C
SKU-0073,critical_cheap,15.17,1080,16383.6,5.0,1,65.4,13.9,1,0.215,6.0,C
SKU-1019,consumable,7.36,2225,16376.0,1.0,5,9.9,0.5,4,0.461,0.0,C
SKU-1136,critical_cheap,45.81,351,16079.31,4.0,1,62.0,26.8,1,0.34,3.0,C
SKU-0920,critical_cheap,10.75,1491,16028.25,5.0,1,102.5,13.1,1,0.474,7.0,C
SKU-0998,critical_cheap,26.71,594,15865.74,5.0,1,90.7,16.4,1,0.25,3.0,C
SKU-2332,critical_cheap,35.56,444,15788.64,5.0,2,60.0,20.1,1,0.477,3.0,C
SKU-1910,critical_cheap,12.05,1305,15725.25,5.0,1,77.9,21.7,1,0.332,5.0,C
SKU-1388,critical_cheap,10.33,1522,15722.26,5.0,1,110.2,28.7,1,0.241,3.0,C
SKU-1717,critical_cheap,13.74,1144,15718.56,5.0,1,66.9,27.7,1,0.26,7.0,C
SKU-0727,critical_cheap,14.67,1071,15711.57,4.0,2,105.9,29.9,1,0.427,5.0,C
SKU-1320,critical_cheap,39.73,393,15613.89,4.0,1,105.7,10.8,1,0.481,8.0,C
SKU-0457,critical_cheap,15.48,1008,15603.84,4.0,2,72.6,20.7,1,0.421,6.0,C
SKU-0645,critical_cheap,35.14,444,15602.16,4.0,2,89.5,13.9,1,0.384,7.0,C
SKU-2511,critical_cheap,26.95,572,15415.4,4.0,2,75.1,13.6,1,0.432,7.0,C
SKU-0425,critical_cheap,41.4,372,15400.8,4.0,1,89.0,24.6,1,0.295,3.0,C
SKU-2906,critical_cheap,11.37,1354,15394.98,4.0,2,105.1,29.7,1,0.202,5.0,C
SKU-0939,critical_cheap,15.19,1008,15311.52,5.0,1,61.0,24.7,1,0.222,3.0,C
SKU-2223,critical_cheap,9.21,1656,15251.76,5.0,1,89.2,24.7,1,0.432,6.0,C
SKU-2398,critical_cheap,11.77,1289,15171.53,5.0,2,60.8,28.0,1,0.364,3.0,C
SKU-1867,critical_cheap,9.21,1639,15095.19,5.0,2,108.0,28.5,1,0.462,8.0,C
SKU-1800,critical_cheap,23.02,653,15032.06,5.0,2,79.3,23.7,1,0.265,7.0,C
SKU-2009,critical_cheap,8.18,1822,14903.96,5.0,1,109.9,25.1,1,0.355,3.0,C
SKU-2247,critical_cheap,28.26,521,14723.46,5.0,1,92.1,17.6,1,0.429,6.0,C
SKU-2547,critical_cheap,30.49,483,14726.67,5.0,2,78.5,26.4,1,0.37,6.0,C
SKU-2679,critical_cheap,30.93,476,14722.68,5.0,1,74.9,11.8,1,0.308,4.0,C
SKU-1014,critical_cheap,45.38,321,14566.98,4.0,2,107.0,22.5,1,0.295,3.0,C
SKU-1254,critical_cheap,37.67,384,14465.28,5.0,2,102.1,29.3,1,0.29,8.0,C
SKU-3043,critical_cheap,28.26,499,14101.74,5.0,1,85.1,29.1,1,0.281,4.0,C
SKU-1160,critical_cheap,40.8,345,14076.0,5.0,2,79.5,14.8,1,0.361,4.0,C
SKU-0487,critical_cheap,10.87,1290,14022.3,4.0,2,65.4,18.8,1,0.269,7.0,C
SKU-1847,critical_cheap,39.0,358,13962.0,4.0,2,89.5,25.2,1,0.435,5.0,C
SKU-2343,critical_cheap,22.01,634,13954.34,5.0,1,119.1,11.3,1,0.382,7.0,C
SKU-1598,critical_cheap,10.43,1334,13913.62,5.0,2,86.5,22.6,1,0.244,5.0,C
SKU-3412,critical_cheap,10.62,1311,13922.82,5.0,1,98.6,26.3,1,0.472,5.0,C
SKU-3162,critical_cheap,35.33,392,13849.36,5.0,2,101.8,28.8,1,0.275,8.0,C
SKU-0084,critical_cheap,9.48,1450,13746.0,5.0,1,109.1,10.8,1,0.467,6.0,C
SKU-1677,critical_cheap,9.01,1524,13731.24,4.0,1,111.2,25.6,1,0.389,4.0,C
SKU-1514,critical_cheap,49.88,275,13717.0,5.0,1,93.5,27.2,1,0.449,5.0,C
SKU-2720,critical_cheap,48.73,281,13693.13,4.0,2,66.6,21.5,1,0.224,4.0,C
SKU-2978,critical_cheap,11.25,1215,13668.75,4.0,2,98.5,21.9,1,0.427,4.0,C
SKU-0381,critical_cheap,16.73,816,13651.68,4.0,2,111.4,12.0,1,0.227,6.0,C
SKU-0695,critical_cheap,43.82,307,13452.74,5.0,2,89.5,12.7,1,0.296,5.0,C
SKU-3298,critical_cheap,28.25,474,13390.5,4.0,1,70.5,23.0,1,0.427,6.0,C
SKU-2330,critical_cheap,11.23,1190,13363.7,4.0,1,84.7,28.4,1,0.35,6.0,C
SKU-0902,critical_cheap,12.59,1055,13282.45,5.0,1,108.9,29.6,1,0.464,3.0,C
SKU-0401,critical_cheap,12.8,1034,13235.2,5.0,2,71.2,10.6,1,0.423,5.0,C
SKU-1276,critical_cheap,7.22,1798,12981.56,4.0,2,110.7,16.6,1,0.226,7.0,C
SKU-3296,critical_cheap,16.68,774,12910.32,4.0,1,82.8,26.8,1,0.278,5.0,C
SKU-3489,critical_cheap,11.9,1077,12816.3,4.0,2,115.6,16.4,1,0.253,5.0,C
SKU-3356,critical_cheap,8.58,1493,12809.94,5.0,2,72.8,12.3,1,0.425,6.0,C
SKU-2884,critical_cheap,39.55,321,12695.55,4.0,1,90.3,14.7,1,0.462,8.0,C
SKU-0043,critical_cheap,30.96,410,12693.6,4.0,2,89.5,21.7,1,0.268,5.0,C
SKU-1971,critical_cheap,28.0,453,12684.0,4.0,1,105.8,24.9,1,0.353,8.0,C
SKU-0292,critical_cheap,7.88,1609,12678.92,4.0,2,76.7,17.9,1,0.406,8.0,C
SKU-0450,critical_cheap,34.61,366,12667.26,5.0,2,118.1,24.3,1,0.477,7.0,C
SKU-0983,critical_cheap,7.43,1692,12571.56,4.0,2,89.5,28.6,1,0.3,5.0,C
SKU-3058,critical_cheap,15.6,801,12495.6,5.0,1,116.9,16.1,1,0.227,8.0,C
SKU-2762,critical_cheap,9.67,1285,12425.95,5.0,2,60.3,26.3,1,0.305,6.0,C
SKU-1799,critical_cheap,7.25,1714,12426.5,5.0,2,101.5,25.1,1,0.245,6.0,C
SKU-0611,critical_cheap,16.68,738,12309.84,4.0,1,110.2,13.0,1,0.337,7.0,C
SKU-1195,critical_cheap,42.02,292,12269.84,4.0,1,78.3,28.5,1,0.313,4.0,C
SKU-0286,critical_cheap,11.28,1088,12272.64,5.0,2,87.0,28.5,1,0.398,6.0,C
SKU-1289,critical_cheap,38.86,314,12202.04,5.0,1,97.4,17.2,1,0.453,5.0,C
SKU-1926,critical_cheap,19.16,634,12147.44,4.0,2,115.4,22.0,1,0.256,8.0,C
SKU-0879,critical_cheap,32.73,371,12142.83,5.0,1,85.7,13.6,1,0.483,8.0,C
SKU-1961,critical_cheap,19.24,628,12082.72,5.0,1,99.0,23.5,1,0.254,4.0,C
SKU-0477,critical_cheap,9.07,1326,12026.82,4.0,1,113.9,27.9,1,0.406,4.0,C
SKU-3010,critical_cheap,22.74,518,11779.32,4.0,1,94.6,20.4,1,0.322,7.0,C
SKU-2787,consumable,7.22,1617,11674.74,1.0,4,9.1,0.8,3,0.433,0.0,C
SKU-0557,critical_cheap,25.52,455,11611.6,5.0,1,74.0,18.2,1,0.434,7.0,C
SKU-1418,critical_cheap,28.29,410,11598.9,5.0,2,89.2,18.5,1,0.328,3.0,C
SKU-0340,critical_cheap,10.93,1046,11432.78,5.0,2,66.4,25.6,1,0.473,6.0,C
SKU-1101,critical_cheap,43.83,256,11220.48,4.0,1,80.3,26.4,1,0.239,7.0,C
SKU-2709,critical_cheap,44.14,252,11123.28,5.0,1,92.3,13.8,1,0.277,6.0,C
SKU-0958,critical_cheap,40.43,273,11037.39,5.0,2,102.6,12.3,1,0.322,3.0,C
SKU-2781,critical_cheap,35.95,306,11000.7,5.0,1,80.1,14.5,1,0.349,8.0,C
SKU-1904,critical_cheap,12.13,903,10953.39,5.0,1,63.7,23.1,1,0.34,6.0,C
SKU-3229,critical_cheap,10.36,1033,10701.88,5.0,2,61.2,14.0,1,0.343,6.0,C
SKU-0007,critical_cheap,39.96,265,10589.4,4.0,2,89.5,11.7,1,0.345,5.0,C
SKU-2251,critical_cheap,42.85,247,10583.95,4.0,2,111.4,21.8,1,0.225,3.0,C
SKU-0271,consumable,4.88,2168,10579.84,1.0,4,3.1,1.2,3,0.768,0.0,C
SKU-0078,critical_cheap,16.69,633,10564.77,5.0,2,78.7,12.4,1,0.233,8.0,C
SKU-1651,critical_cheap,20.23,522,10560.06,5.0,1,111.5,28.4,1,0.306,5.0,C
SKU-1202,critical_cheap,8.65,1212,10483.8,5.0,1,76.8,28.6,1,0.405,7.0,C
SKU-2587,critical_cheap,16.89,620,10471.8,5.0,2,112.1,11.9,1,0.3,7.0,C
SKU-3335,consumable,3.63,2882,10461.66,2.0,4,6.9,0.9,5,0.687,0.0,C
SKU-0408,critical_cheap,15.95,655,10447.25,5.0,1,117.3,22.2,1,0.2,7.0,C
SKU-2933,critical_cheap,7.99,1304,10418.96,4.0,1,83.9,21.6,1,0.295,4.0,C
SKU-0459,critical_cheap,8.6,1200,10320.0,4.0,2,74.0,12.3,1,0.298,4.0,C
SKU-0937,critical_cheap,13.99,727,10170.73,5.0,2,108.0,16.9,1,0.252,8.0,C
SKU-1298,critical_cheap,20.54,494,10146.76,5.0,1,104.6,23.2,1,0.322,6.0,C
SKU-0440,critical_cheap,6.06,1673,10138.38,4.0,5,116.4,11.0,1,0.306,6.0,C
SKU-2912,critical_cheap,13.6,742,10091.2,4.0,1,60.5,25.9,1,0.286,5.0,C
SKU-2748,critical_cheap,6.48,1548,10031.04,5.0,2,106.9,14.1,1,0.286,6.0,C
SKU-3062,critical_cheap,38.02,262,9961.24,5.0,1,78.6,14.1,1,0.308,7.0,C
SKU-3216,critical_cheap,44.85,220,9867.0,4.0,2,95.9,15.5,1,0.343,6.0,C
SKU-2213,critical_cheap,36.54,265,9683.1,5.0,1,103.9,26.2,1,0.435,4.0,C
SKU-3322,critical_cheap,20.35,467,9503.45,5.0,2,73.1,22.9,1,0.476,4.0,C
SKU-2703,critical_cheap,15.94,596,9500.24,4.0,2,104.2,10.4,1,0.308,3.0,C
SKU-3413,critical_cheap,10.79,863,9311.77,4.0,1,64.4,14.7,1,0.217,3.0,C
SKU-0207,critical_cheap,8.11,1124,9115.64,4.0,2,100.3,28.5,1,0.386,4.0,C
SKU-2627,critical_cheap,5.25,1730,9082.5,5.0,1,111.6,28.7,1,0.435,8.0,C
SKU-2157,critical_cheap,12.82,704,9025.28,5.0,2,111.1,14.0,1,0.491,8.0,C
SKU-2232,critical_cheap,7.56,1189,8988.84,5.0,1,93.1,10.9,1,0.492,8.0,C
SKU-2328,critical_cheap,33.99,264,8973.36,4.0,2,94.0,12.1,1,0.331,8.0,C
SKU-1178,critical_cheap,20.64,433,8937.12,5.0,2,89.5,12.3,1,0.207,6.0,C
SKU-2740,critical_cheap,5.45,1636,8916.2,4.0,2,66.3,25.0,1,0.308,3.0,C
SKU-1339,critical_cheap,27.38,325,8898.5,5.0,1,81.3,15.6,1,0.452,7.0,C
SKU-2248,consumable,1.64,5388,8836.32,1.0,5,4.5,1.9,3,0.412,0.0,C
SKU-1698,critical_cheap,9.75,907,8843.25,5.0,1,84.6,19.8,1,0.462,5.0,C
SKU-0410,critical_cheap,23.1,379,8754.9,5.0,2,113.3,23.9,1,0.273,6.0,C
SKU-1607,critical_cheap,7.72,1113,8592.36,5.0,2,113.2,24.6,1,0.368,7.0,C
SKU-1259,critical_cheap,5.55,1539,8541.45,4.0,2,85.6,20.5,1,0.308,5.0,C
SKU-2047,critical_cheap,37.39,225,8412.75,4.0,2,95.4,18.7,1,0.207,4.0,C
SKU-0067,critical_cheap,5.75,1457,8377.75,4.0,2,80.1,11.5,1,0.27,7.0,C
SKU-1593,critical_cheap,13.54,615,8327.1,4.0,2,71.5,28.2,1,0.206,3.0,C
SKU-2602,critical_cheap,5.57,1491,8304.87,5.0,2,87.2,10.7,1,0.278,8.0,C
SKU-2111,critical_cheap,5.98,1382,8264.36,5.0,1,95.4,16.6,1,0.424,5.0,C
SKU-0373,critical_cheap,47.14,175,8249.5,4.0,2,73.0,20.8,1,0.49,7.0,C
SKU-1726,critical_cheap,10.72,764,8190.08,5.0,2,83.2,28.5,1,0.396,4.0,C
SKU-0704,critical_cheap,35.25,231,8142.75,5.0,1,116.6,25.9,1,0.254,4.0,C
SKU-1133,critical_cheap,27.77,290,8053.3,4.0,1,116.9,22.8,1,0.463,5.0,C
SKU-1724,critical_cheap,16.08,500,8040.0,5.0,2,104.2,20.3,1,0.422,7.0,C
SKU-1696,critical_cheap,41.01,195,7996.95,4.0,2,112.1,17.1,1,0.467,7.0,C
SKU-2534,critical_cheap,42.67,184,7851.28,4.0,1,91.1,28.2,1,0.298,7.0,C
SKU-0673,critical_cheap,21.36,365,7796.4,5.0,1,72.6,12.9,1,0.471,7.0,C
SKU-0771,critical_cheap,29.43,264,7769.52,4.0,1,82.0,18.1,1,0.2,7.0,C
SKU-0617,critical_cheap,6.7,1142,7651.4,5.0,2,97.3,24.1,1,0.289,8.0,C
SKU-2818,critical_cheap,7.14,1060,7568.4,4.0,2,107.3,27.8,1,0.304,3.0,C
SKU-3218,critical_cheap,25.03,296,7408.88,4.0,2,89.5,10.5,1,0.362,3.0,C
SKU-0746,consumable,2.49,2973,7402.77,1.0,3,2.5,1.8,4,0.396,0.0,C
SKU-0899,critical_cheap,20.97,352,7381.44,5.0,2,82.8,27.4,1,0.399,4.0,C
SKU-0619,consumable,1.06,6914,7328.84,1.0,3,5.1,0.8,3,0.561,0.0,C
SKU-2012,critical_cheap,9.8,743,7281.4,5.0,1,76.9,28.0,1,0.432,8.0,C
SKU-2564,critical_cheap,15.51,467,7243.17,5.0,2,106.8,27.6,1,0.478,8.0,C
SKU-2299,critical_cheap,13.8,524,7231.2,4.0,1,73.1,20.1,1,0.454,6.0,C
SKU-3401,critical_cheap,7.87,916,7208.92,5.0,1,98.0,20.7,1,0.365,3.0,C
SKU-0238,critical_cheap,8.84,811,7169.24,4.0,2,70.8,15.6,1,0.337,3.0,C
SKU-1031,critical_cheap,15.9,445,7075.5,4.0,2,78.0,21.0,1,0.287,6.0,C
SKU-0702,critical_cheap,26.48760667903525,237,6277.56,5.0,2,84.9,18.1,1,0.211,8.0,C
SKU-2335,critical_cheap,43.29,158,6839.82,5.0,1,102.1,25.3,1,0.294,7.0,C
SKU-1350,critical_cheap,19.93,341,6796.13,5.0,2,75.9,12.6,1,0.353,7.0,C
SKU-0776,critical_cheap,20.55,330,6781.5,5.0,1,88.0,14.8,1,0.468,8.0,C
SKU-0434,critical_cheap,21.05,322,6778.1,5.0,1,63.6,28.3,1,0.385,8.0,C
SKU-2468,critical_cheap,5.44,1232,6702.08,5.0,2,74.5,11.3,1,0.359,5.0,C
SKU-0051,consumable,4.75,1406,6678.5,1.0,4,2.3,1.2,4,0.381,0.0,C
SKU-3420,critical_cheap,31.2,214,6676.8,4.0,1,65.2,13.7,1,0.257,8.0,C
SKU-0030,critical_cheap,6.87,970,6663.9,5.0,1,96.7,23.6,1,0.295,4.0,C
SKU-0833,critical_cheap,8.34,798,6655.32,5.0,1,95.9,15.9,1,0.405,5.0,C
SKU-3114,critical_cheap,7.16,919,6580.04,4.0,2,106.5,22.3,1,0.378,8.0,C
SKU-3266,critical_cheap,5.15,1276,6571.4,4.0,1,117.3,10.4,1,0.306,3.0,C
SKU-0447,consumable,3.43,1889,6479.27,1.0,4,4.6,1.9,5,0.331,0.0,C
SKU-1217,critical_cheap,20.18,320,6457.6,5.0,1,85.9,26.2,1,0.279,5.0,C
SKU-1891,critical_cheap,5.34,1190,6354.6,5.0,2,102.2,24.9,1,0.276,7.0,C
SKU-1290,critical_cheap,6.09,1041,6339.69,5.0,1,83.8,29.7,1,0.443,7.0,C
SKU-3034,critical_cheap,11.53,535,6168.55,4.0,2,101.4,15.3,1,0.206,5.0,C
SKU-1436,critical_cheap,12.24,491,6009.84,4.0,1,73.0,26.9,1,0.324,6.0,C
SKU-0460,critical_cheap,8.39,714,5990.46,5.0,2,90.0,11.2,1,0.414,6.0,C
SKU-0614,critical_cheap,32.17,186,5983.62,4.0,2,84.5,23.2,1,0.339,7.0,C
SKU-0875,critical_cheap,35.08,168,5893.44,4.0,2,108.1,28.9,1,0.23,6.0,C
SKU-2859,critical_cheap,12.89,456,5877.84,4.0,2,73.1,25.4,1,0.268,6.0,C
SKU-0333,critical_cheap,16.35,358,5853.3,5.0,1,112.7,13.9,1,0.484,4.0,C
SKU-0723,critical_cheap,6.51,884,5754.84,4.0,1,61.6,16.7,1,0.493,5.0,C
SKU-1392,critical_cheap,32.59,168,5475.12,5.0,2,114.4,24.0,1,0.478,5.0,C
SKU-2610,critical_cheap,27.59,198,5462.82,5.0,1,112.3,11.1,1,0.435,3.0,C
SKU-1455,critical_cheap,16.84,324,5456.16,5.0,2,116.3,10.1,1,0.466,7.0,C
SKU-2321,consumable,2.14,2511,5373.54,1.0,4,5.2,0.8,4,0.345,0.0,C
SKU-0822,critical_cheap,10.15,529,5369.35,5.0,1,78.2,27.3,1,0.434,7.0,C
SKU-0819,critical_cheap,42.76,124,5302.24,5.0,1,69.5,21.9,1,0.378,8.0,C
SKU-1586,critical_cheap,14.52,363,5270.76,5.0,2,64.4,11.8,1,0.396,4.0,C
SKU-2449,critical_cheap,42.1,122,5136.2,5.0,1,88.0,23.7,1,0.299,5.0,C
SKU-0564,critical_cheap,10.92,464,5066.88,5.0,2,75.3,27.2,1,0.364,0.0,C
SKU-3383,critical_cheap,10.62,473,5023.26,4.0,2,64.4,26.7,1,0.297,3.0,C
SKU-0099,critical_cheap,5.58,899,5016.42,5.0,1,117.5,21.3,1,0.354,8.0,C
SKU-2183,critical_cheap,5.41,911,4928.51,4.0,1,89.5,19.4,1,0.223,3.0,C
SKU-0375,critical_cheap,22.98,214,4917.72,5.0,2,62.7,12.9,1,0.204,3.0,C
SKU-3234,critical_cheap,5.54,867,4803.18,4.0,1,89.5,15.4,1,0.446,8.0,C
SKU-0180,critical_cheap,26.48760667903525,852,22567.44,4.0,1,63.4,15.1,1,0.358,7.0,C
SKU-2316,critical_cheap,45.78,100,4578.0,4.0,2,61.0,13.0,1,0.274,5.0,C
SKU-1521,critical_cheap,15.2,283,4301.6,5.0,2,116.4,17.9,1,0.416,5.0,C
SKU-3329,critical_cheap,34.12,126,4299.12,5.0,2,104.3,22.3,1,0.434,6.0,C
SKU-0841,critical_cheap,10.93,389,4251.77,4.0,1,90.9,12.1,1,0.398,4.0,C
SKU-2350,critical_cheap,7.72,537,4145.64,4.0,1,113.9,19.0,1,0.215,6.0,C
SKU-0473,critical_cheap,27.58,150,4137.0,5.0,2,91.5,23.0,1,0.434,3.0,C
SKU-0513,consumable,1.24,3317,4113.08,2.0,3,8.7,1.2,5,0.53,0.0,C
SKU-2550,critical_cheap,24.63,163,4014.69,4.0,2,73.4,25.4,1,0.346,7.0,C
SKU-2422,critical_cheap,12.21,328,4004.88,4.0,2,115.6,21.4,1,0.231,5.0,C
SKU-0765,critical_cheap,31.72,126,3996.72,4.0,1,99.8,18.4,1,0.49,3.0,C
SKU-3224,critical_cheap,7.32,541,3960.12,4.0,2,73.0,29.7,1,0.414,7.0,C
SKU-1798,critical_cheap,16.28,242,3939.76,5.0,1,79.1,16.2,1,0.424,3.0,C
SKU-0291,critical_cheap,33.85,116,3926.6,5.0,1,100.9,24.3,1,0.382,4.0,C
SKU-0547,critical_cheap,9.73,398,3872.54,4.0,1,91.0,28.2,1,0.441,3.0,C
SKU-1722,critical_cheap,14.23,267,3799.41,5.0,5,77.5,20.9,1,0.283,7.0,C
SKU-0677,critical_cheap,6.18,609,3763.62,5.0,1,85.2,27.9,1,0.495,5.0,C
SKU-0541,consumable,1.95,1909,3722.55,1.0,3,6.0,0.8,5,0.619,0.0,C
SKU-0069,critical_cheap,23.88,153,3653.64,4.0,1,85.2,10.2,1,0.457,5.0,C
SKU-1234,critical_cheap,12.75,286,3646.5,4.0,1,92.0,14.4,1,0.249,4.0,C
SKU-1082,critical_cheap,16.66,217,3615.22,4.0,2,66.0,28.2,1,0.265,7.0,C
SKU-1169,critical_cheap,15.39,232,3570.48,4.0,5,80.6,23.4,1,0.268,8.0,C
SKU-0540,critical_cheap,20.2,171,3454.2,5.0,2,69.3,13.7,1,0.31,6.0,C
SKU-3450,critical_cheap,9.95,334,3323.3,4.0,2,79.6,19.0,1,0.256,4.0,C
SKU-0206,critical_cheap,11.57,268,3100.76,4.0,1,104.7,26.5,1,0.409,5.0,C
SKU-1922,critical_cheap,17.61,169,2976.09,4.0,2,69.9,24.1,1,0.392,6.0,C
SKU-0455,critical_cheap,26.35,110,2898.5,4.0,2,99.5,15.7,1,0.368,0.0,C
SKU-0335,critical_cheap,18.57,155,2878.35,4.0,2,109.1,16.7,1,0.372,4.0,C
SKU-1417,critical_cheap,8.78,301,2642.78,4.0,1,105.1,12.8,1,0.23,3.0,C
SKU-1706,critical_cheap,15.15,168,2545.2,5.0,1,116.4,12.8,1,0.221,7.0,C
SKU-0441,critical_cheap,13.53,178,2408.34,5.0,1,85.5,17.7,1,0.475,4.0,C
SKU-2037,critical_cheap,9.18,255,2340.9,5.0,2,99.1,29.2,1,0.301,4.0,C
SKU-1423,critical_cheap,16.18,143,2313.74,5.0,2,86.4,20.4,1,0.39,3.0,C
SKU-1759,critical_cheap,8.49,268,2275.32,4.0,2,117.3,14.2,1,0.351,8.0,C
SKU-2543,consumable,1.2,1893,2271.6,2.0,3,4.2,1.4,4,0.728,0.0,C
SKU-2477,critical_cheap,20.2,111,2242.2,4.0,2,107.1,20.6,1,0.231,5.0,C
SKU-0057,critical_cheap,9.31,235,2187.85,5.0,1,103.9,29.2,1,0.266,6.0,C
SKU-2830,critical_cheap,7.16,303,2169.48,5.0,1,77.3,18.9,1,0.36,6.0,C
SKU-2903,critical_cheap,9.02,224,2020.48,5.0,2,93.3,13.4,1,0.2,4.0,C
SKU-0978,critical_cheap,13.38,134,1792.92,5.0,1,83.6,22.3,1,0.237,6.0,C
SKU-0301,critical_cheap,12.04,139,1673.56,5.0,2,89.5,10.0,1,0.278,4.0,C
SKU-2061,critical_cheap,11.63,121,1407.23,4.0,1,78.4,17.6,1,0.414,5.0,C
SKU-1815,critical_cheap,6.56,212,1390.72,5.0,2,63.4,17.5,1,0.339,4.0,C
SKU-3256,critical_cheap,5.97,179,1068.63,5.0,1,117.7,29.5,1,0.412,7.0,C
SKU-1191,critical_cheap,5.83,157,915.31,4.0,1,88.9,10.9,1,0.445,4.0,C
